Centro;Descripcion Centro;Seccion;Descripcion Seccion;Código PEP;Denominación;Año inicio;Año de finalización previsto;Año de finalización;Distrito;Denominación Distrito;Dirección;Tipo Vial;Vial;Numero;Latitud;Longitud;LÍNEA DE INVERSIÓN;DENOMINACIÓN LÍNEA DE INVERSIÓN;Gasto ejecutado ;Importe 2023 (quito formato punto);Importe 2024;Importe 2025;Importe 2026;Resto Anualidades;Total previsto;Estado;Observaciones;Url_fotografia;Fecha de los datos
001;AYUNTAMIENTO;120;VICEALCALDÍA, PORTAVOZ, SEGURIDAD Y EMERGENCIAS;2021/000399;PARQUE DE BOMBEROS Nº 5. OBRAS DE REFORMA INTEGRAL;2021;2023;;212;USERA;PASEO SANTA MARÍA DE LA CABEZA, 95;PASEO DE;SANTA MARÍA DE LA CABEZA;95;403.922.859;-37.089.303;01;PROTECCIÓN CIVIL Y SEGURIDAD CIUDADANA;6771261,52;2398535,26;;;;;9169796,78;EN PROCESO;Presupuesto 2022 Prorrogado, Importe 2023 es el Crédito Definitivo a 31.12.2023;;05/01/2024
001;AYUNTAMIENTO;120;VICEALCALDÍA, PORTAVOZ, SEGURIDAD Y EMERGENCIAS;2021/000402;PARQUE DE BOMBEROS Nº 1. OBRAS DE REFORMA Y ADECUACIÓN;2021;2023;;207;CHAMBERÍ;CALLE DE SANTA ENGRACIA 116, 118 Y 120;CALLE;SANTA ENGRACIA;116, 118, 120;4.044.038.738.649.960;-37.007.173.334.334.200;01;PROTECCIÓN CIVIL Y SEGURIDAD CIUDADANA;1554074,13;359089,23;;;;;1913163,36;EN PROCESO;Presupuesto 2022 Prorrogado, Importe 2023 es el Crédito Definitivo a 31.12.2023;;05/01/2024
001;AYUNTAMIENTO;120;VICEALCALDÍA, PORTAVOZ, SEGURIDAD Y EMERGENCIAS;2021/000406;EDIFICIO POLICÍA MUNICIPAL C/ PLOMO, 14. OBRAS DE REHABILITACIÓN PARCIAL;2021;2024;;202;ARGANZUELA;C/PLOMO, 14;CALLE;PLOMO;14;4.039.281.490.540.310;-3.689.732.618.094.450;01;PROTECCIÓN CIVIL Y SEGURIDAD CIUDADANA;6215082,2;2091917,83;995000;;;;9302000,03;EN PROCESO;Presupuesto 2022 Prorrogado, Importe 2023 es el Crédito Definitivo a 31.12.2023;;05/01/2024
001;AYUNTAMIENTO;120;VICEALCALDÍA, PORTAVOZ, SEGURIDAD Y EMERGENCIAS;2022/000418;BASE 0 SAMUR-PROTECCIÓN CIVIL. OBRAS DE REFORMA;2022;2023;2023;209;MONCLOA-ARAVACA;RONDA DE LAS PROVINCIAS, 7;RONDA;DE LAS PRONVINCIAS;7;4.041.176.384.535.080;-3.743.862.787.553.560;01;PROTECCIÓN CIVIL Y SEGURIDAD CIUDADANA;749670,22;1753326,17;;;;;2502996,39;FINALIZADO;Presupuesto 2022 Prorrogado, Importe 2023 es el Crédito Definitivo a 31.12.2023;https://transparencia.madrid.es/FWProjects/transparencia/EconomiaYPresupuestos/PresAbiertos/Fotos2023/2023_2022-000418_FotoBase0Reformas.jpg;05/01/2024
001;AYUNTAMIENTO;120;VICEALCALDÍA, PORTAVOZ, SEGURIDAD Y EMERGENCIAS;2022/000425;PARQUE 9 BOMBEROS. OBRAS PARA INSTALACIÓN DE CAMPA PROVISIONAL;2022;2023;2023;208;FUENCARRAL-EL PARDO;AVENIDA MONFORTE DE LEMOS, 20;AVENIDA;MONFORTE DE LEMOS;20;4.048.022.515.029.220;-36.996.125.875.510.900;01;PROTECCIÓN CIVIL Y SEGURIDAD CIUDADANA;1708903,51;1320526,74;;;;;3029430,25;FINALIZADO;Presupuesto 2022 Prorrogado, Importe 2023 es el Crédito Definitivo a 31.12.2023;https://transparencia.madrid.es/FWProjects/transparencia/EconomiaYPresupuestos/PresAbiertos/Fotos2023/2023_2022-000425_CampaParque9º.jpg;05/01/2024
001;AYUNTAMIENTO;120;VICEALCALDÍA, PORTAVOZ, SEGURIDAD Y EMERGENCIAS;2023/000384;ESCUADRÓN DE LA POLICÍA MUNICIPAL. OBRAS REFORMA DE LA CANTINA;2023;2024;;209;MONCLOA-ARAVACA;CARRETERA DEL PARDO, 3;CARRETERA;DEL PARDO;3;4.047.745.229.980.590;-37.513.272.182.341.100;01;PROTECCIÓN CIVIL Y SEGURIDAD CIUDADANA;;;1100000;;;;1100000;EN PROCESO;Presupuesto 2022 Prorrogado, Importe 2023 es el Crédito Definitivo a 31.12.2023;;05/01/2024
001;AYUNTAMIENTO;120;VICEALCALDÍA, PORTAVOZ, SEGURIDAD Y EMERGENCIAS;2023/001530;PARQUE DE BOMBEROS Nº 9. OBRAS REFORMA Y AMPLIACIÓN EN SÓTANO, EDIFICIO GIMNASIO Y COCHERAS TRASERAS;2023;2025;;208;FUENCARRAL-EL PARDO;AVENIDA MONFORTE DE LEMOS, 20;AVENIDA;MONFORTE DE LEMOS;20;40.480.208.828.940.000;-369.961.258.755.109.000;01;PROTECCIÓN CIVIL Y SEGURIDAD CIUDADANA;;151431,62;3428129;402153;;;3981713,62;EN PROCESO;Presupuesto 2022 Prorrogado, Importe 2023 es el Crédito Definitivo a 31.12.2023;;05/01/2024
001;AYUNTAMIENTO;120;VICEALCALDÍA, PORTAVOZ, SEGURIDAD Y EMERGENCIAS;2023/000387;UNIDAD INTEGRAL POLICÍA MUNICIPAL USERA. OBRAS DE REHABILITACIÓN;2023;2024;;212;USERA;C/DOCTOR TOLOSA LATOUR, 16;CALLE;DOCTOR TOLOSA LATOUR;16;403.759.435.930.581;-3.702.718.487.554.870;01;PROTECCIÓN CIVIL Y SEGURIDAD CIUDADANA;;;1200000;;;;1200000;EN PROCESO;Presupuesto 2022 Prorrogado, Importe 2023 es el Crédito Definitivo a 31.12.2023;;05/01/2024
001;AYUNTAMIENTO;130;CULTURA, TURISMO Y DEPORTE;2018/006051;"PALACIO ""EL CAPRICHO"". REHABILITACIÓN PARA DESARROLLO MUSEOGRÁFICO";2018;2023;;221;BARAJAS;PASEO ALAMEDA DE OSUNA, 25;PASEO;ALAMEDA DE OSUNA;25;404.547.855;-36.019.412;10;CULTURA;2714294,83;2163782,7;;;;;4878077,53;EN PROCESO;Presupuesto 2022 Prorrogado, Importe 2023 es el Crédito Definitivo a 31.12.2023;;05/01/2024
001;AYUNTAMIENTO;130;CULTURA, TURISMO Y DEPORTE;2019/000527;MUSEO DE SAN ISIDRO. OBRAS DE ADECUACIÓN PARA SOSTENIBILIDAD;2021;2024;;201;CENTRO;PLAZA SAN ANDRÉS, 2;PLAZA;SAN ANDRÉS;2;404.120.708;-37.132.821;10;CULTURA;108462,67;6931,13;1500000;;;;1615393,8;EN PROCESO;Presupuesto 2022 Prorrogado, Importe 2023 es el Crédito Definitivo a 31.12.2023;;05/01/2024
001;AYUNTAMIENTO;130;CULTURA, TURISMO Y DEPORTE;2020/000043;CASA DE VARGAS. REHABILITACIÓN CASA-PALACIO Y JARDÍN DE FELIPE II;2020;2025;;209;MONCLOA-ARAVACA;PASEO DEL EMBARCADERO, 2;PASEO DEL;DEL EMBARCADERO;2;404.191.125;-37.256.439;10;CULTURA;642131,32;99951,11;2500000;;;;3242082,43;EN PROCESO;Presupuesto 2022 Prorrogado, Importe 2023 es el Crédito Definitivo a 31.12.2023;;05/01/2024
001;AYUNTAMIENTO;130;CULTURA, TURISMO Y DEPORTE;2020/000419;PABELLÓN DE HEXÁGONOS CASA DE CAMPO. REHABILITACIÓN;2024;2025;;209;MONCLOA-ARAVACA;CALLE DE LOS HEXÁGONOS, 4;CALLE;DE LOS HEXÁGONOS;4;404.126.577;-37.442.902;10;CULTURA;;;2000000;1000000;;;3000000;EN PROCESO;Presupuesto 2022 Prorrogado, Importe 2023 es el Crédito Definitivo a 31.12.2023;;05/01/2024
001;AYUNTAMIENTO;130;CULTURA, TURISMO Y DEPORTE;2021/000053;NAVE 15 MATADERO. OBRAS DE ACONDICIONAMIENTO;2022;2025;;202;ARGANZUELA;PLAZA DE LEGAZPI, 8;PLAZA;DE LEGAZPI;8;403.917.614.508.368;-36.963.276.163.896.600;10;CULTURA;38478;;90000;1810000;;;1938478;EN PROCESO;Presupuesto 2022 Prorrogado, Importe 2023 es el Crédito Definitivo a 31.12.2023;;05/01/2024
001;AYUNTAMIENTO;130;CULTURA, TURISMO Y DEPORTE;2022/000541;MUSEO ARTE CONTEMPORÁNEO EN CONDE DUQUE. ACONDICIONAMIENTO NUEVAS SALAS.;2023;2023;;201;CENTRO;CALLE DEL CONDE DUQUE, 9;CALLE;DEL CONDE DUQUE;9;4.042.741.912.138.540;-37.107.288.317.298.100;10;CULTURA;;;;;;;0;EN PROCESO;Presupuesto 2022 Prorrogado, Importe 2023 es el Crédito Definitivo a 31.12.2023;;05/01/2024
001;AYUNTAMIENTO;130;CULTURA, TURISMO Y DEPORTE;2022/001381;PUERTA DE ALCALÁ. OBRAS DE CONSERVACIÓN Y RESTAURACIÓN;2023;2023;2023;204;SALAMANCA;PLAZA DE LA INDEPENDENCIA, S/N;PLAZA;DE LA INDEPENDENCIA;S/N;4.042.019;-368.871;10;CULTURA;;2506694,18;;;;;2506694,18;FINALIZADO;Presupuesto 2022 Prorrogado, Importe 2023 es el Crédito Definitivo a 31.12.2023;https://transparencia.madrid.es/FWProjects/transparencia/EconomiaYPresupuestos/PresAbiertos/Fotos2023/2023_2022-001381_PuertaAlcalá.jpg;05/01/2024
001;AYUNTAMIENTO;131;DEPORTE;2021/001117;DEPORTIVO BÁSICO LOS POBLADOS. ACONDICIONAMIENTO CAMPO DE FÚTBOL Y VESTUARIOS;2022;2023;2023;211;CARABANCHEL;AV.DE LOS POBLADOS,106;AVENIDA;DE LOS POBLADOS;106;4.037.376.874.611.190;-3.735.160.474.061.030;11;DEPORTES, JUVENTUD  Y ESPARCIMIENTO;335401,6;970624,64;;;;;1306026,24;FINALIZADO;Presupuesto 2022 Prorrogado, Importe 2023 es el Crédito Definitivo a 31.12.2023;https://transparencia.madrid.es/FWProjects/transparencia/EconomiaYPresupuestos/PresAbiertos/Fotos2023/2023_2021-001117_DeportivoBásicoPoblados.jpg;05/01/2024
001;AYUNTAMIENTO;131;DEPORTE;2021/001118;PARQUE PARA DEPORTES URBANOS EN EL DISTRITO VILLAVERDE. CONSTRUCCIÓN;2021;2023;2023;217;VILLAVERDE;Pº PLATA Y CASTAÑAR, 5;PASEO;PLATA Y CASTAÑAR;5;40.350.668;-3.721.161;11;DEPORTES, JUVENTUD  Y ESPARCIMIENTO;45141,76;1976208,95;;;;;2021350,71;FINALIZADO;Presupuesto 2022 Prorrogado, Importe 2023 es el Crédito Definitivo a 31.12.2023;https://transparencia.madrid.es/FWProjects/transparencia/EconomiaYPresupuestos/PresAbiertos/Fotos2023/2023_2021-001118_ParqueDeportesUrbanosVillaverde.jpg;05/01/2024
001;AYUNTAMIENTO;131;DEPORTE;2022/001481;DEPORTIVO BÁSICO PIQUEÑAS. ADECUACIÓN CAMPO DE FÚTBOL CÉSPED ARTIFICIAL Y VESTUARIOS;2022;2024;;211;CARABANCHEL;C/ PINAR DE SAN JOSÉ C/V. C/ DE LA TORTA;CALLE;DEL PINAR DE SAN JOSÉ;64;40.360.952;-3.768.519;11;DEPORTES, JUVENTUD  Y ESPARCIMIENTO;5321,96;185321,96;1800000;;;;1990643,92;EN PROCESO;Presupuesto 2022 Prorrogado, Importe 2023 es el Crédito Definitivo a 31.12.2023;;05/01/2024
001;AYUNTAMIENTO;131;DEPORTE;2022/001482;DEPORTIVO BÁSICO SANTA RITA. ADECUACIÓN CAMPO DE FÚTBOL CÉSPED ARTIFICIAL Y VESTUARIOS;2022;2025;;211;CARABANCHEL;C/ ALBA DE TORMES, 2;CALLE;DE ALBA DE TORMES;2;40.379.236;-3.743.367;11;DEPORTES, JUVENTUD  Y ESPARCIMIENTO;7471,37;297471,37;150000;1700000;;;2154942,74;EN PROCESO;Presupuesto 2022 Prorrogado, Importe 2023 es el Crédito Definitivo a 31.12.2023;;05/01/2024
001;AYUNTAMIENTO;150;URBANISMO, MEDIO AMBIENTE Y MOVILIDAD;2021/000496;CARRIL BICI EJE PRADO-RECOLETOS-CASTELLANA TRAMO PLAZA CASTILLA-RAIMUNDO FERNANDEZ VILLAVERDE;2021;2023;2023;205 (50%) - 206 (50%);CHAMARTÍN - TETUÁN;"PASEO DE LA CASTELLANA, 112 AL 200, LADO PARES, DISTRITO DE CHAMARTÍN.
PASEO DE LA CASTELLANA, 71 AL 187, LADO IMPARES, DISTRITO DE TETUÁN.";PASEO;DE LA CASTELLANA;112 AL 200;4.044.689.407.084.400;-36.904.570.167.187.500;07;INFRAESTRUCTURAS;2681623,63;2024001,37;;;;;4705625;FINALIZADO;Presupuesto 2022 Prorrogado, Importe 2023 es el Crédito Definitivo a 31.12.2023;https://transparencia.madrid.es/FWProjects/transparencia/EconomiaYPresupuestos/PresAbiertos/Fotos2023/2023_2021-000496_CarrilBiciPradoRecoletosCastellana.jpg;05/01/2024
001;AYUNTAMIENTO;190;OBRAS Y EQUIPAMIENTOS;2022/001621;ANTIGUA PASARELA MANTEROLA. RECONSTRUCCIÓN E INSTALACIÓN SOBRE RÍO MANZANARES EN AV. ARCENTALES;2023;2024;;220;SAN BLAS-CANILLEJAS;Avenida de Arcentales ;AVENIDA;DE ARCENTALES;;404.330.452;-36.009.783;07;INFRAESTRUCTURAS;;52878,4;4000000;;;;4052878,4;EN PROCESO;Presupuesto 2022 Prorrogado, Importe 2023 es el Crédito Definitivo a 31.12.2023;;05/01/2024
001;AYUNTAMIENTO;150;URBANISMO, MEDIO AMBIENTE Y MOVILIDAD;2023/000311;APARCAMIENTO EN PASEO ARTILLEROS S/N, DISTRITO DE VICÁLVARO. CONSTRUCCIÓN;2023;2023;;219;VICÁLVARO;Paseo de los Artilleros s/n. Semiesquina calle San Cipriano;PASEO ;DE LOS ARTILLEROS;S/N;404.046.979;-36.091.733;07;INFRAESTRUCTURAS;;2710000;;;;;2710000;EN PROCESO;Presupuesto 2022 Prorrogado, Importe 2023 es el Crédito Definitivo a 31.12.2023;;05/01/2024
001;AYUNTAMIENTO;150;URBANISMO, MEDIO AMBIENTE Y MOVILIDAD;2023/001006;CAMPUS SUR UNIVERSIDAD POLITÉCNICA DE MADRID Y ENTORNOS ESCOLARES VALLECAS. ZONAS DE BAJAS EMISIONES;2023;2024;;213 (70%) - 218 (30%);PUENTE DE VALLECAS - VILLA DE VALLECAS;Avenida del Campus Sur (recinto universitario);AVENIDA;DEL CAMPUS SUR;;40.387.788;-36.308.581;07;INFRAESTRUCTURAS;;442239;13096637;;;;13538876;EN PROCESO;Presupuesto 2022 Prorrogado, Importe 2023 es el Crédito Definitivo a 31.12.2023;;05/01/2024
001;AYUNTAMIENTO;150;URBANISMO, MEDIO AMBIENTE Y MOVILIDAD;2023/001007;PLATAFORMA AUTOBÚS DE TRÁNSITO PRIORITARIO VALDEBEBAS - HOSPITAL RAMÓN Y CAJAL. CONSTRUCCIÓN;2023;2023;;208 (20%) - 216 (80%);FUENCARRAL-EL PARDO - HORTALEZA;Avenida Francisco Pi y Margall, 6;AVENIDA;DE FRANCISCO PI Y MARGALL;6;404.902.184;-36.585.492;07;INFRAESTRUCTURAS;;12940771;;;;;12940771;EN PROCESO;Presupuesto 2022 Prorrogado, Importe 2023 es el Crédito Definitivo a 31.12.2023;;05/01/2024
001;AYUNTAMIENTO;150;URBANISMO, MEDIO AMBIENTE Y MOVILIDAD;2023/003051;CARRIL BICI SEGREGADO AV.DE LA GRAN VÍA DE SAN FRANCISCO Y GLORIETA PUERTA DE TOLEDO (ID 21: 18424);2023;2024;;201;CENTRO;Av.Gran Vía de San Francisco 9;AVENIDA; DE LA GRAN VÍA DE SAN FRANCISCO;9;404.096.622;-37.137.001;07;INFRAESTRUCTURAS;;;1340000;;;;1340000;EN PROCESO;Presupuesto 2022 Prorrogado, Importe 2023 es el Crédito Definitivo a 31.12.2023;;05/01/2024
001;AYUNTAMIENTO;150;URBANISMO, MEDIO AMBIENTE Y MOVILIDAD;2006/000375;SISTEMAS DE COMPENSACIÓN. UZP 2-04 LOS BERROCALES;2008;2023;;219;VICÁLVARO;LOS BERROCALES;;LOS BERROCALES;;403.772.222;-3.579.722.222.222.220;06;URBANISMO;14137158,83;5391504,97;;;;;19528663,8;EN PROCESO;Presupuesto 2022 Prorrogado, Importe 2023 es el Crédito Definitivo a 31.12.2023;;05/01/2024
001;AYUNTAMIENTO;150;URBANISMO, MEDIO AMBIENTE Y MOVILIDAD;2009/000488;UZP 2.03 DESARROLLO DEL ESTE LOS AHIJONES. COMPENSACIÓN;2010;2023;;219;VICÁLVARO;UZP 2.03 DESARROLLO DEL ESTE LOS AHIJONES. COMPENSACIÓN;;DESARROLLO DEL ESTE LOS AHIJONES;;403.879.964;-356.225.647;06;URBANISMO;9654047,1;1145858;;;;;10799905,1;EN PROCESO;Presupuesto 2022 Prorrogado, Importe 2023 es el Crédito Definitivo a 31.12.2023;;05/01/2024
001;AYUNTAMIENTO;150;URBANISMO, MEDIO AMBIENTE Y MOVILIDAD;2010/000393;SUELO URBANIZABLE PROGRAMADO 3.01 DESARROLLO DEL ESTE VALDECARROS;2010;2023;;218;VILLA DE VALLECAS;PAU Valdecarros;;PAU Valdecarros;;4.034.915.068.793.720;-36.292.232.757.681.000;06;URBANISMO;10443642,22;2352633,09;;;;;12796275,31;EN PROCESO;Presupuesto 2022 Prorrogado, Importe 2023 es el Crédito Definitivo a 31.12.2023;;05/01/2024
001;AYUNTAMIENTO;150;URBANISMO, MEDIO AMBIENTE Y MOVILIDAD;2020/007074;ÁMBITO CAMPO DE LAS NACIONES. EJECUCIÓN DEL BOSQUE METROPOLITANO;2020;2023;2023;216;HORTALEZA;CAMPO DE LAS NACIONES;;CAMPO DE LAS NACIONES;;4.047.025.271;-362.537.866;06;URBANISMO;3406565,4;;;;;;3406565,4;FINALIZADO;Presupuesto 2022 Prorrogado, Importe 2023 es el Crédito Definitivo a 31.12.2023;https://transparencia.madrid.es/FWProjects/transparencia/EconomiaYPresupuestos/PresAbiertos/Fotos2023/2023_2020-007074_CampoNacionesBosque.jpg;05/01/2024
001;AYUNTAMIENTO;150;URBANISMO, MEDIO AMBIENTE Y MOVILIDAD;2020/007076;ANILLO VERDE DE VILLAVERDE. EJECUCIÓN BOSQUE METROPOLITANO;2021;2024;;217;VILLAVERDE;ANILLO VERDE DE VILLAVERDE;;ANILLO VERDE DE VILLAVERDE;;4.036.002.547;-371.601.781;06;URBANISMO;4800119,51;2068958,85;1300000;;;;8169078,36;EN PROCESO;Presupuesto 2022 Prorrogado, Importe 2023 es el Crédito Definitivo a 31.12.2023;;05/01/2024
001;AYUNTAMIENTO;150;URBANISMO, MEDIO AMBIENTE Y MOVILIDAD;2021/000437;BORDE FORESTAL DE ORCASITAS. EJECUCIÓN DEL BOSQUE METROPOLITANO;2021;2024;;212;USERA;BORDE FORESTAL DE ORCASITAS;;BORDE FORESTAL DE ORCASITAS;;4.036.457.818;-371.745.381;06;URBANISMO;2220249,51;848866,03;750000;;;;3819115,54;EN PROCESO;Presupuesto 2022 Prorrogado, Importe 2023 es el Crédito Definitivo a 31.12.2023;;05/01/2024
001;AYUNTAMIENTO;150;URBANISMO, MEDIO AMBIENTE Y MOVILIDAD;2021/000439;CUÑA ARROYO DEL FRESNO. EJECUCIÓN DE BOSQUE METROPOLITANO;2022;2023;;208;FUENCARRAL-EL PARDO;C/ LILÍ ÁLVAREZ C.V. GABRIELA MISTRAL  ;CALLE;LILI ALVAREZ C/V GABRIELA MISTRAL;;4.048.344.430.433.370;-37.371.622.180.888.400;06;URBANISMO;839564,81;1877000;;;;;2716564,81;EN PROCESO;Presupuesto 2022 Prorrogado, Importe 2023 es el Crédito Definitivo a 31.12.2023;;05/01/2024
001;AYUNTAMIENTO;150;URBANISMO, MEDIO AMBIENTE Y MOVILIDAD;2021/000440;CUÑA NORTE DE O´DONNELL. EJECUCIÓN DEL BOSQUE METROPOLITANO;2021;2023;;215;CIUDAD LINEAL;CUÑA NORTE DE O´DONELL;;CUÑA NORTE DE O´DONELL;;404.156.699;-362.947.201;06;URBANISMO;5422844,96;3427718,43;;;;;8850563,39;EN PROCESO;Presupuesto 2022 Prorrogado, Importe 2023 es el Crédito Definitivo a 31.12.2023;;05/01/2024
001;AYUNTAMIENTO;150;URBANISMO, MEDIO AMBIENTE Y MOVILIDAD;2021/001483;PARCELAS ÁMBITO VALDEGRULLA Y PARAJE VALDESENDERÍN. DESESCOMBRO Y RENATURALIZACIÓN;2021;2023;;208;FUENCARRAL-EL PARDO;M603 C.V. AV. MONTE DE VALDELATAS ;;M603 C/V AV. MONTE DE VALDELATAS;;4.051.908.561.970.680;-3.667.892.213.325.620;06;URBANISMO;2151889,44;2549040,53;;;;;4700929,97;EN PROCESO;Presupuesto 2022 Prorrogado, Importe 2023 es el Crédito Definitivo a 31.12.2023;;05/01/2024
001;AYUNTAMIENTO;150;URBANISMO, MEDIO AMBIENTE Y MOVILIDAD;2022/001605;ÁMBITO CASTILLO DE LA ALAMEDA. OBRAS DE RENATURALIZACIÓN;2022;2023;;221;BARAJAS;C/ Manuel Aguilar Muñoz c.v Antonio Sancha c.v.Joaquín Ibarra;CALLES;DE MANUEL AGUILAR MUÑOZ C/V ANTONIO SANCHA Y JOAQUÍN IBARRA;;4.045.987.729.999.410;-3.592.380.701.850.930;06;URBANISMO;4718;1494535,84;;;;;1499253,84;EN PROCESO;Presupuesto 2022 Prorrogado, Importe 2023 es el Crédito Definitivo a 31.12.2023;;05/01/2024
001;AYUNTAMIENTO;150;URBANISMO, MEDIO AMBIENTE Y MOVILIDAD;2022/001647;C/ SOLEDAD CAZORLA. ACTUACIONES DE RENATURALIZACIÓN;2022;2023;2023;210;LATINA;C/ Soledad Cazorla 20;CALLE;DE SOLEDAD CAZORLA;20;4.037.554.181.475.530;-37.713.808.134.924.500;06;URBANISMO;60352,96;1848859,98;;;;;1909212,94;FINALIZADO;Presupuesto 2022 Prorrogado, Importe 2023 es el Crédito Definitivo a 31.12.2023;https://transparencia.madrid.es/FWProjects/transparencia/EconomiaYPresupuestos/PresAbiertos/Fotos2023/2023_2022-001647_SoledadCazorlaRenaturalizacion.jpg;05/01/2024
001;AYUNTAMIENTO;150;URBANISMO, MEDIO AMBIENTE Y MOVILIDAD;2023/001014;CAMPO DE FÚTBOL EN ARAVACA, C/ESCULTOR PERESEJO, BOSQUE METROPOLITANO. CONSTRUCCIÓN;2024;2025;;209;MONCLOA-ARAVACA;C/ Escultor Peresejo 94;CALLE;DEL ESCULTOR PERESEJO;94;40.452.722.372.430.600;-3.791.872.894.861.590;11;DEPORTES, JUVENTUD  Y ESPARCIMIENTO;;;;1500000;;;1500000;EN PROCESO;Presupuesto 2022 Prorrogado, Importe 2023 es el Crédito Definitivo a 31.12.2023;;05/01/2024
001;AYUNTAMIENTO;150;URBANISMO, MEDIO AMBIENTE Y MOVILIDAD;2023/001016;ÁMBITO DE LA CUÑA VERDE DE O´DONNELL SUR. EJECUCIÓN DEL BOSQUE METROPOLITANO;2023;2024;;214;MORATALAZ;C/ ARROYO DE LA MEDIA LEGUA C.V. M23  ;CALLE;ARROYO DE VLA MEDIA LEGUA C/V M-23;;40.414.187.570.960.000;-3.649.254.368.392.700;06;URBANISMO;;20766,33;1300000;;;;1320766,33;EN PROCESO;Presupuesto 2022 Prorrogado, Importe 2023 es el Crédito Definitivo a 31.12.2023;;05/01/2024
001;AYUNTAMIENTO;150;URBANISMO, MEDIO AMBIENTE Y MOVILIDAD;2023/003004;CAMPOS DE FÚTBOL EN VALDEBEBAS (INSTALACIONES SOTENIBLES). CONSTRUCCIÓN (ID 21: 17695);2023;2024;;216;HORTALEZA;C/ Félix Candela c.v. Luis Moya Blanco c.v Josefina Aldecoa;CALLES;DE FÉLIX CANDELA C/V LUIS MOYA BLANCO Y JOSEFINA ALDECOA;;40.497.327;-3.615.194;11;DEPORTES, JUVENTUD  Y ESPARCIMIENTO;;;1800000;;;;1800000;EN PROCESO;Presupuesto 2022 Prorrogado, Importe 2023 es el Crédito Definitivo a 31.12.2023;;05/01/2024
001;AYUNTAMIENTO;151;LIMPIEZA Y ZONAS VERDES;2015/000224;AUMENTO DE LA CAPACIDAD DEL DESAGÜE DEL TRAMO INFERIOR ARROYO DE LOS MIGUELES;2016;2025;;219;VICÁLVARO;INICIO DEL CAUCE DEL ARROYO EN ÁMBITO UZPP 2.04 LOS BERROCALES HASTA LAS INMEDIACIONES DE LA A3;;BERROCALES HASTA LAS INMEDIACIONES DE LA A3;;4.037.320.354.825.460;-35.599.462.399.323.700;09;MEDIO AMBIENTE;109768,77;4388429,75;300000;500000;;;5298198,52;EN PROCESO;Presupuesto 2022 Prorrogado, Importe 2023 es el Crédito Definitivo a 31.12.2023;;05/01/2024
001;AYUNTAMIENTO;151;LIMPIEZA Y ZONAS VERDES;2017/000244;PARQUE DE LA CASA DE CAMPO. ACTUACIONES DE REHABILITACIÓN;2017;2024;;209;MONCLOA-ARAVACA;Parque de la Casa de Campo;PARQUE;DE LA CASA DE CAMPO;;40.423.433;-3.758.581;09;MEDIO AMBIENTE;1852746,56;1657053,71;500000;;;;4009800,27;EN PROCESO;Presupuesto 2022 Prorrogado, Importe 2023 es el Crédito Definitivo a 31.12.2023;;05/01/2024
001;AYUNTAMIENTO;151;LIMPIEZA Y ZONAS VERDES;2017/000249;PARQUE DEL RETIRO. ACTUACIONES DE REHABILITACIÓN;2017;2025;;203;RETIRO;PLAZA  INDEPENDENCIA, 7 ;PLAZA;DE LA INDEPENDENCIA;7;40.419.683.887.311.000;-36.879.969.384.116.700;09;MEDIO AMBIENTE;78045;;400000;1500000;;;1978045;EN PROCESO;Presupuesto 2022 Prorrogado, Importe 2023 es el Crédito Definitivo a 31.12.2023;;05/01/2024
001;AYUNTAMIENTO;151;LIMPIEZA Y ZONAS VERDES;2019/000344;NUEVA PLANTA DE MATERIA ORGÁNICA EN EL PARQUE TECNOLÓGICO DE VALDEMINGÓMEZ;2022;2023;;218;VILLA DE VALLECAS;PARQUE TECNOLÓGICO DE VALDEMINGÓMEZ;;CASCO HISTÓRICO DE VALLECAS;;40.336.444;-3.577.083;09;MEDIO AMBIENTE;452754,41;26948837,72;;;;;27401592,13;EN PROCESO;Presupuesto 2022 Prorrogado, Importe 2023 es el Crédito Definitivo a 31.12.2023;;05/01/2024
001;AYUNTAMIENTO;151;LIMPIEZA Y ZONAS VERDES;2019/000544;ESTACIÓN REGENERADORA DE AGUAS RESIDUALES DE REJAS. OBRAS ADECUACIÓN Y MEJORA;2020;2028;;221;BARAJAS;CAMINO DE LA MUÑOZA;CAMINO;DE LA MUÑOZA;;40.451.781.227.823.200;-3.535.458.209.657.420;09;MEDIO AMBIENTE;58320,2;427466,37;15221668;15221668;14771668;21500000;67200790,57;EN PROCESO;Presupuesto 2022 Prorrogado, Importe 2023 es el Crédito Definitivo a 31.12.2023;;05/01/2024
001;AYUNTAMIENTO;151;LIMPIEZA Y ZONAS VERDES;2019/000545;ESTACIÓN REGENERADORA DE AGUAS RESIDUALES DE VALDEBEBAS. OBRAS DE ADECUACIÓN Y MEJORA;2020;2026;;221;BARAJAS;CARRETERA ANTIGUA DE PARACUELLOS DE JARAMA, 44;CARRETERA;ANTIGUA DE PARACUELLOS DE JARAMA;44;404.944.431;-35.501.484;09;MEDIO AMBIENTE;114179,55;7963145,22;18380942;19380900;14318298;;60157464,77;EN PROCESO;Presupuesto 2022 Prorrogado, Importe 2023 es el Crédito Definitivo a 31.12.2023;;05/01/2024
001;AYUNTAMIENTO;151;LIMPIEZA Y ZONAS VERDES;2019/000666;COLECTOR VICÁLVARO A, SECTOR LOS AHIJONES. CONSTRUCCIÓN;2019;2023;2023;219;VICÁLVARO;ÁMBITO UZPP 2.03 LOS AHIJONES Y ÁMBITO UZPP 2.04 LOS BERROCALES;;ÁMBITO UZPP 2.03 LOS AHIJONES Y ÁMBITO UZPP 2.04 LOS BERROCALES;;4.038.058.555.358.560;-35.665.939.694.949.200;09;MEDIO AMBIENTE;10735741,86;7723863,4;;;;;18459605,26;FINALIZADO;Presupuesto 2022 Prorrogado, Importe 2023 es el Crédito Definitivo a 31.12.2023;https://transparencia.madrid.es/FWProjects/transparencia/EconomiaYPresupuestos/PresAbiertos/Fotos2023/2023_2019-000666_ColectorVicalvaroA.jpg;05/01/2024
001;AYUNTAMIENTO;151;LIMPIEZA Y ZONAS VERDES;2019/003807;"PARQUE ""Z"" Y PARQUE C/ FUENTE CARRANTONA. MEJORAS";2020;2023;2023;214;MORATALAZ;CALLES MARROQUINA Y FUENTE CARRANTONA;CALLES;DE LA MARROQUINA Y FUENTE CARRANTONA;;4.040.015.400.198.730;-3.637.412.306.702.370;09;MEDIO AMBIENTE;194145,27;1293364,85;;;;;1487510,12;FINALIZADO;Presupuesto 2022 Prorrogado, Importe 2023 es el Crédito Definitivo a 31.12.2023;https://transparencia.madrid.es/FWProjects/transparencia/EconomiaYPresupuestos/PresAbiertos/Fotos2023/2023_2019-003807_ParqueZFuenteCarrantona.jpg;05/01/2024
001;AYUNTAMIENTO;151;LIMPIEZA Y ZONAS VERDES;2019/004321;DEPURADORA DE BUTARQUE CONSOLIDACIÓN DE LOS TERRENOS;2020;2024;;217;VILLAVERDE;AVENIDA DE LOS ROSALES, 399  ;AVENIDA;DE LOS ROSALES;399;40.334.267.204.235.600;-36.637.888.028.978.500;09;MEDIO AMBIENTE;60441,94;13371,91;2838288;;;;2912101,85;EN PROCESO;Presupuesto 2022 Prorrogado, Importe 2023 es el Crédito Definitivo a 31.12.2023;;05/01/2024
001;AYUNTAMIENTO;151;LIMPIEZA Y ZONAS VERDES;2021/000001;CENTRO DE TRATAMIENTO  LAS DEHESAS. SISTEMAS DE DESODORIZACIÓN;2023;2024;;218;VILLA DE VALLECAS;CENTRO DE TRATAMIENTO  LAS DEHESAS;;CENTRO DE TRATAMIENTO  LAS DEHESAS;;4.033.552.477;-358.243.889;09;MEDIO AMBIENTE;;100000;6402947,37;;;;6502947,37;EN PROCESO;Presupuesto 2022 Prorrogado, Importe 2023 es el Crédito Definitivo a 31.12.2023;;05/01/2024
001;AYUNTAMIENTO;151;LIMPIEZA Y ZONAS VERDES;2021/000002;CENTRO DE TRATAMIENTO LA PALOMA. SISTEMAS DE DESODORIZACIÓN;2022;2023;2023;218;VILLA DE VALLECAS;PARQUE TECNOLÓGICO DE VALDEMINGÓMEZ;;PARQUE TECNOLÓGICO DE VALDEMINGÓMEZ;;4.033.756.827;-35.755.459;09;MEDIO AMBIENTE;60476,96;4549457,03;;;;;4609933,99;FINALIZADO;Presupuesto 2022 Prorrogado, Importe 2023 es el Crédito Definitivo a 31.12.2023;https://transparencia.madrid.es/FWProjects/transparencia/EconomiaYPresupuestos/PresAbiertos/Fotos2023/2023_2021-000002_LaPalomaDesodorización.jpg;05/01/2024
001;AYUNTAMIENTO;151;LIMPIEZA Y ZONAS VERDES;2021/000347;"PARQUE DE LAS CRUCES, DISTRITO DE CARABANCHEL. REHABILITACIÓN (ID 19: 9283;11756)";2021;2023;;211;CARABANCHEL;AVENIDA POBLADOS C/V CALLE CONSUELO GUZMÁN C/V VIDAUBA;AVENIDA DE;LOS POBLADOS C/V CALLE CONSUELO GUZMÁN C/V VIDAUBA;;40.376.885;-3.753.343;09;MEDIO AMBIENTE;213634;2243999,37;;;;;2457633,37;EN PROCESO;Presupuesto 2022 Prorrogado, Importe 2023 es el Crédito Definitivo a 31.12.2023;;05/01/2024
001;AYUNTAMIENTO;151;LIMPIEZA Y ZONAS VERDES;2021/000349;PARQUE DE PRADOLONGO, DISTRITO DE USERA. REHABILITACIÓN Y AMPLIACIÓN;2021;2023;2023;212;USERA;AVENIDA DE LOS POBLADOS C/V CALLE DOCTOR TOLOSA LATOUR Y EDUARDO BARREIROS;AVENIDA DE;LOS POBLADOS C/V CALLE DOCTOR TOLOSA LATOUR Y EDUARDO BARREIROS;;40.371.319;-3.703.703;09;MEDIO AMBIENTE;187721,08;1138452;;;;;1326173,08;FINALIZADO;Presupuesto 2022 Prorrogado, Importe 2023 es el Crédito Definitivo a 31.12.2023;https://transparencia.madrid.es/FWProjects/transparencia/EconomiaYPresupuestos/PresAbiertos/Fotos2023/2023_2021-000349_Pradolongo.jpg;05/01/2024
001;AYUNTAMIENTO;151;LIMPIEZA Y ZONAS VERDES;2022/001032;MONTAÑA DE LOS GATOS EN LOS JARDINES DEL BUEN RETIRO. RECUPERACIÓN INTEGRAL;2022;2023;2023;203;RETIRO;Paseo de Fernán Nuñez S/N;PASEO;DE FERNÁN NÚÑEZ;S/N;40.421.115.828.189;-368.054.383.287.722;09;MEDIO AMBIENTE;155257,2;2226501,83;;;;;2381759,03;FINALIZADO;Presupuesto 2022 Prorrogado, Importe 2023 es el Crédito Definitivo a 31.12.2023;https://transparencia.madrid.es/FWProjects/transparencia/EconomiaYPresupuestos/PresAbiertos/Fotos2023/2023_2022-001032_MontañaGatos.jpg;05/01/2024
001;AYUNTAMIENTO;190;OBRAS Y EQUIPAMIENTOS;2016/000427;CENTRO CULTURAL EN VALDERRIVAS, C/ TITANIO. CONSTRUCCIÓN;2017;2023;2023;219;VICÁLVARO;CALLE TITANIO,5 C/V RIBAS DE JARAMA;CALLE;TITANIO,5 C/V RIBAS DE JARAMA;;404.021.037;-36.037.268;10;CULTURA;4325528,76;5113608,63;;;;;9439137,39;FINALIZADO;Presupuesto 2022 Prorrogado, Importe 2023 es el Crédito Definitivo a 31.12.2023;https://transparencia.madrid.es/FWProjects/transparencia/EconomiaYPresupuestos/PresAbiertos/Fotos2023/2023_2016-000427_CCValderrivasTitanio.jpg;05/01/2024
001;AYUNTAMIENTO;190;OBRAS Y EQUIPAMIENTOS;2016/000470;CENTRO DEPORTIVO C/COSTANILLA DESAMPARADOS, 15 C/V A C/FÚCAR, 6. CONSTRUCCIÓN;2018;2024;;201;CENTRO;CALLE COSTANILLA DE LOS DESAMPARADOS, 15;CALLE;COSTANILLA DE LOS DESAMPARADOS;15;40.411.993.428.490.200;-36.960.142.431.122.200;11;DEPORTES, JUVENTUD  Y ESPARCIMIENTO;11864370,84;9366061,8;9577397;;;;30807829,64;EN PROCESO;Presupuesto 2022 Prorrogado, Importe 2023 es el Crédito Definitivo a 31.12.2023;;05/01/2024
001;AYUNTAMIENTO;190;OBRAS Y EQUIPAMIENTOS;2017/000187;CENTRO DE MAYORES Y OTROS USOS POLIVALENTES C/ BRONCE. CONSTRUCCIÓN;2018;2023;2023;202;ARGANZUELA;CALLE BRONCE, 16 C/V CALLE CROMO;CALLE;BRONCE, 16 C/V CALLE CROMO;;40.389.342;-36.906.507;03;PROTECCIÓN Y PROMOCIÓN SOCIAL;3267817,99;5068039,97;;;;;8335857,96;FINALIZADO;Presupuesto 2022 Prorrogado, Importe 2023 es el Crédito Definitivo a 31.12.2023;https://transparencia.madrid.es/FWProjects/transparencia/EconomiaYPresupuestos/PresAbiertos/Fotos2023/2023_2017-000187_CMOtrosUsosCBronce.jpg;05/01/2024
001;AYUNTAMIENTO;190;OBRAS Y EQUIPAMIENTOS;2017/000317;BIBLIOTECA-CENTRO CULTURAL DE VILLAVERDE. CONSTRUCCIÓN;2019;2024;;217;VILLAVERDE;CALLE CALCIO, 1;CALLE;CALCIO;1;403.512.974;-36.816.647;10;CULTURA;1164263,52;2706485,7;1932010;;;;5802759,22;EN PROCESO;Presupuesto 2022 Prorrogado, Importe 2023 es el Crédito Definitivo a 31.12.2023;;05/01/2024
001;AYUNTAMIENTO;190;OBRAS Y EQUIPAMIENTOS;2018/001118;CENTRO MAYORES Y SERVICIOS SOCIALES C/CANAL DE PANAMÁ C/V.CANAL MOZAMBIQUE . CONSTRUCCIÓN;2018;2023;2023;215;CIUDAD LINEAL;CALLE PANAMÁ, 17 C/V CANAL DE MOZAMBIQUE;CALLE;PANAMÁ, 17 C/V CANAL DE MOZAMBIQUE;;40.440.897.645.215.800;-36.518.546.975.119.700;03;PROTECCIÓN Y PROMOCIÓN SOCIAL;6434764,49;1422141,86;;;;;7856906,35;FINALIZADO;Presupuesto 2022 Prorrogado, Importe 2023 es el Crédito Definitivo a 31.12.2023;https://transparencia.madrid.es/FWProjects/transparencia/EconomiaYPresupuestos/PresAbiertos/Fotos2023/2023_2018-001118_CanalPanama.jpg;05/01/2024
001;AYUNTAMIENTO;190;OBRAS Y EQUIPAMIENTOS;2018/005043;CASA DUQUESA DE SUECA. OBRAS RECONSTRUCCIÓN CUERPO ESTE;2018;2023;2023;201;CENTRO;PZA. DUQUE DE ALBA, 2;PLAZA;DEL DUQUE DE ALBA;2;4.041.175.964.741.680;-37.067.022.220.369.100;00;INVERSIONES DE CARÁCTER GENERAL;2512440,36;753662,34;;;;;3266102,7;FINALIZADO;Presupuesto 2022 Prorrogado, Importe 2023 es el Crédito Definitivo a 31.12.2023;;05/01/2024
001;AYUNTAMIENTO;190;OBRAS Y EQUIPAMIENTOS;2018/008294;ESCUELA INFANTIL EN CANILLEJAS. CONSTRUCCIÓN (ID 18: 539);2019;2023;2023;220;SAN BLAS-CANILLEJAS;CALLE JOSEFA VALCARCEL, 21 (JUNTO INTERCAMBIADOR CANILLEJAS);CALLE;JOSEFA VALCARCEL;21;40.448.555;-36.491.725;05;EDUCACIÓN;3587845,84;592674,86;;;;;4180520,7;FINALIZADO;Presupuesto 2022 Prorrogado, Importe 2023 es el Crédito Definitivo a 31.12.2023;https://transparencia.madrid.es/FWProjects/transparencia/EconomiaYPresupuestos/PresAbiertos/Fotos2023/2023_2018-008294_EICanillejas.jpg;05/01/2024
001;AYUNTAMIENTO;190;OBRAS Y EQUIPAMIENTOS;2019/000092;BIBLIOTECA-CENTRO CULTURAL VILLA DE VALLECAS. CONSTRUCCION;2021;2025;;218;VILLA DE VALLECAS;AVDA. DE LA GAVIA, 55;AVENIDA;DE LA GAVIA;55;4.036.707.456.785.560;-36.164.204.452.259.000;10;CULTURA;173071,99;294839,81;5292785;1663747;;;7424443,8;EN PROCESO;Presupuesto 2022 Prorrogado, Importe 2023 es el Crédito Definitivo a 31.12.2023;;05/01/2024
001;AYUNTAMIENTO;190;OBRAS Y EQUIPAMIENTOS;2019/000822;UNIDAD INTEGRAL DE POLICÍA MUNICIPAL VILLA DE VALLECAS. CONSTRUCCIÓN;2020;2023;2023;218;VILLA DE VALLECAS;CALLE REAL DE ARGANDA, 64;CALLE;REAL DE ARGANDA;64;4.037.928.922.449.750;-36.150.449.923.781.500;01;PROTECCIÓN CIVIL Y SEGURIDAD CIUDADANA;3320084,4;4050479;;;;;7370563,4;FINALIZADO;Presupuesto 2022 Prorrogado, Importe 2023 es el Crédito Definitivo a 31.12.2023;https://transparencia.madrid.es/FWProjects/transparencia/EconomiaYPresupuestos/PresAbiertos/Fotos2023/22023_2019-000822_UIDVillaVallecas.jpg;05/01/2024
001;AYUNTAMIENTO;190;OBRAS Y EQUIPAMIENTOS;2019/003801;CENTRO DEPORTIVO SAN BLAS. REFORMA PABELLÓN DE GIMNASIA Y EDIFICIO DE OFICINAS;2020;2023;2023;220;SAN BLAS-CANILLEJAS;C/ARCOS DE JALÓN, 59;CALLE;ARCOS DE JALON;59;4.042.874.025.038.330;-36.132.943.894.005.000;11;DEPORTES, JUVENTUD  Y ESPARCIMIENTO;6199001,81;795978,89;;;;;6994980,7;FINALIZADO;Presupuesto 2022 Prorrogado, Importe 2023 es el Crédito Definitivo a 31.12.2023;https://transparencia.madrid.es/FWProjects/transparencia/EconomiaYPresupuestos/PresAbiertos/Fotos2023/2023_2019-003801_CdmSanBlasGimnasiaOficinas.jpg;05/01/2024
001;AYUNTAMIENTO;190;OBRAS Y EQUIPAMIENTOS;2020/000252;CENTRO CULTURAL Y BIBLIOTECA EN MONTECARMELO. CONSTRUCCIÓN;2020;2024;;208;FUENCARRAL-EL PARDO;AVENIDA MONTESCORIAL C/V AVENIDA METRO SILOS, 57;AVENIDA;MONTESCORIAL C/V AVENIDA MONASTERIO SILOS, 57;;405.055.069;-36.980.938;10;CULTURA;1096579,88;1238951,85;3175723,45;;;;5511255,18;EN PROCESO;Presupuesto 2022 Prorrogado, Importe 2023 es el Crédito Definitivo a 31.12.2023;;05/01/2024
001;AYUNTAMIENTO;190;OBRAS Y EQUIPAMIENTOS;2020/000253;CENTRO CULTURAL Y BIBLIOTECA EN LAS TABLAS. CONSTRUCCIÓN;2020;2024;;208;FUENCARRAL-EL PARDO;CALLE BURGUETE, 5 C/V CASTILLO DE CANDANCHÚ;CALLE;BURGUETE, 5 C/V CASTILLO DE CANDANCHÚ;;4.050.394.934.161.540;-36.782.276.991.385.200;10;CULTURA;227374,31;2446374,13;250000;;;;2923748,44;EN PROCESO;Presupuesto 2022 Prorrogado, Importe 2023 es el Crédito Definitivo a 31.12.2023;;05/01/2024
001;AYUNTAMIENTO;190;OBRAS Y EQUIPAMIENTOS;2020/000260;EDIFICIO SEDE DEL DISTRITO DE PUENTE DE VALLECAS. CONSTRUCCIÓN;2021;2023;2023;213;PUENTE DE VALLECAS;AVDA. BUENOS AIRES, 17 C/V C/ SIERRA SALVADA;AVENIDA;BUENOS AIRES, 17 C/V SIERRA SALVADA;;4.038.884.079.966.870;-365.333.330.289.587;00;INVERSIONES DE CARÁCTER GENERAL;3847214,64;4927135,01;;;;;8774349,65;FINALIZADO;Presupuesto 2022 Prorrogado, Importe 2023 es el Crédito Definitivo a 31.12.2023;https://transparencia.madrid.es/FWProjects/transparencia/EconomiaYPresupuestos/PresAbiertos/Fotos2023/2023_2020-000260_SedeJuntaDistritoPuenteVallecas.jpg;05/01/2024
001;AYUNTAMIENTO;190;OBRAS Y EQUIPAMIENTOS;2020/000263;UNIDAD INTEGRAL DE POLICÍA MUNICIPAL CIUDAD LINEAL. CONSTRUCCIÓN;2020;2023;2023;215;CIUDAD LINEAL;CALLE PELOPONESO, 9;CALLE;PELOPONESO;9;40.414.833.443.959.600;-36.269.933.408.281.800;01;PROTECCIÓN CIVIL Y SEGURIDAD CIUDADANA;4568372,13;1129628,97;;;;;5698001,1;FINALIZADO;Presupuesto 2022 Prorrogado, Importe 2023 es el Crédito Definitivo a 31.12.2023;https://transparencia.madrid.es/FWProjects/transparencia/EconomiaYPresupuestos/PresAbiertos/Fotos2023/2023_2020-000263_UIDPeloponesoCiudadLineal.jpg;05/01/2024
001;AYUNTAMIENTO;190;OBRAS Y EQUIPAMIENTOS;2020/000265;CENTRO CULTURAL BUENAVISTA. OBRAS DE REFORMA Y AMPLIACIÓN;2021;2023;2023;204;SALAMANCA;AVENIDA DE LOS TOREROS, 5;AVENIDA;DE LOS TOREROS;5;404.322.265.766.569;-36.707.251.182.357.600;10;CULTURA;4433339,35;1105505,14;;;;;5538844,49;FINALIZADO;Presupuesto 2022 Prorrogado, Importe 2023 es el Crédito Definitivo a 31.12.2023;https://transparencia.madrid.es/FWProjects/transparencia/EconomiaYPresupuestos/PresAbiertos/Fotos2023/2023_2020-000265_CCBuenavista.jpg;05/01/2024
001;AYUNTAMIENTO;190;OBRAS Y EQUIPAMIENTOS;2020/000292;CUBRICIÓN DE LA M-30 EN EL ÁMBITO DEL VICENTE CALDERÓN;2021;2023;2023;202;ARGANZUELA;CUBRICIÓN DE LA M-30 EN EL ÁMBITO DEL VICENTE CALDERÓN;;CUBRICIÓN DE LA M-30 EN EL ÁMBITO DEL VICENTE CALDERÓN;;4.040.091.796;-372.018.992;07;INFRAESTRUCTURAS;43931594,17;24610684,39;;;;;68542278,56;FINALIZADO;Presupuesto 2022 Prorrogado, Importe 2023 es el Crédito Definitivo a 31.12.2023;;05/01/2024
001;AYUNTAMIENTO;190;OBRAS Y EQUIPAMIENTOS;2020/000297;BIBLIOTECA EN EL DISTRITO DE CARABANCHEL. CONSTRUCCIÓN;2020;2025;;211;CARABANCHEL;AVENIDA CARABANCHEL ALTO, 51;AVENIDA;CARABANCHEL ALTO;51;403.616.093;-37.560.156;10;CULTURA;146911,48;850000;5487317;611336;;;7095564,48;EN PROCESO;Presupuesto 2022 Prorrogado, Importe 2023 es el Crédito Definitivo a 31.12.2023;;05/01/2024
001;AYUNTAMIENTO;190;OBRAS Y EQUIPAMIENTOS;2020/000321;ESCUELA INFANTIL EN EL DISTRITO DE VILLA DE VALLECAS. CONSTRUCCIÓN;2020;2023;2023;218;VILLA DE VALLECAS;CALLE EMBALSE DE AVENIDAACERRADA C/V CALLEEMBALSE DE PINILLA;CALLE;EMBALSE DE NAVACERRADA C/V CALLE EMBALSE DE PINILLA;;40.359.382;-3.595.714;05;EDUCACIÓN;4147416,35;824598,28;;;;;4972014,63;FINALIZADO;Presupuesto 2022 Prorrogado, Importe 2023 es el Crédito Definitivo a 31.12.2023;https://transparencia.madrid.es/FWProjects/transparencia/EconomiaYPresupuestos/PresAbiertos/Fotos2023/2023_2020-000321_VillaVallecas.jpg;05/01/2024
001;AYUNTAMIENTO;190;OBRAS Y EQUIPAMIENTOS;2020/000388;BASE SAMUR C/ AREQUIPA, 4. CONSTRUCCIÓN;2020;2023;2023;216;HORTALEZA;CALLE AREQUIPA, 4;CALLE;AREQUIPA;4;404.689.358;-36.438.566;01;PROTECCIÓN CIVIL Y SEGURIDAD CIUDADANA;1851783,98;490230,89;;;;;2342014,87;FINALIZADO;Presupuesto 2022 Prorrogado, Importe 2023 es el Crédito Definitivo a 31.12.2023;https://transparencia.madrid.es/FWProjects/transparencia/EconomiaYPresupuestos/PresAbiertos/Fotos2023/2023_2020-000388_SamurArequipa01.jpg;05/01/2024
001;AYUNTAMIENTO;190;OBRAS Y EQUIPAMIENTOS;2020/000426;UNIDAD INTEGRAL POLICÍA MUNICIPAL CARABANCHEL. AVDA. CARABANCHEL ALTO, 61. CONSTRUCCIÓN;2020;2023;2023;211;CARABANCHEL;AVENIDA CARABANCHEL ALTO, 61;AVENIDA;CARABANCHEL ALTO;61;4.036.164.197.967.930;-37.536.981.585.771.100;01;PROTECCIÓN CIVIL Y SEGURIDAD CIUDADANA;4262108,38;1677086,62;;;;;5939195;FINALIZADO;Presupuesto 2022 Prorrogado, Importe 2023 es el Crédito Definitivo a 31.12.2023;https://transparencia.madrid.es/FWProjects/transparencia/EconomiaYPresupuestos/PresAbiertos/Fotos2023/2023_2020-000426_UIDCarabanchel.jpg;05/01/2024
001;AYUNTAMIENTO;190;OBRAS Y EQUIPAMIENTOS;2020/000476;CENTRO CULTURAL C/ PASTORA IMPERIO, 4. CONSTRUCCIÓN;2021;2023;;205;CHAMARTÍN;CALLE PASTORA IMPERIO, 4;CALLE;PASTORA IMPERIO;4;404.829.999;-36.774.787;10;CULTURA;188544,75;4227633,29;;;;;4416178,04;EN PROCESO;Presupuesto 2022 Prorrogado, Importe 2023 es el Crédito Definitivo a 31.12.2023;;05/01/2024
001;AYUNTAMIENTO;190;OBRAS Y EQUIPAMIENTOS;2020/000477;BASE DEL SAMUR C/ REAL DE ARGANDA, 64, VILLA DE VALLECAS. CONSTRUCCIÓN;2020;2023;2023;218;VILLA DE VALLECAS;CALLE REAL DE ARGANDA, 64;CALLE;REAL DE ARGANDA;64;4.037.932.191.622.040;-3.615.120.111.812.910;01;PROTECCIÓN CIVIL Y SEGURIDAD CIUDADANA;1094768,97;1533382,25;;;;;2628151,22;FINALIZADO;Presupuesto 2022 Prorrogado, Importe 2023 es el Crédito Definitivo a 31.12.2023;https://transparencia.madrid.es/FWProjects/transparencia/EconomiaYPresupuestos/PresAbiertos/Fotos2023/2023_2020-000477_SamurVillaVallecas.jpg;05/01/2024
001;AYUNTAMIENTO;190;OBRAS Y EQUIPAMIENTOS;2020/000564;PLAZAS ÁGATA Y MAYOR DISTRITO VILLAVERDE. OBRAS DE REMODELACIÓN;2020;2023;2023;217;VILLAVERDE;Plaza Ágata;PLAZA;ÁGATA;;40.346.812;-37.091.745;06;URBANISMO;1468220,36;1991447,23;;;;;3459667,59;FINALIZADO;Presupuesto 2022 Prorrogado, Importe 2023 es el Crédito Definitivo a 31.12.2023;https://transparencia.madrid.es/FWProjects/transparencia/EconomiaYPresupuestos/PresAbiertos/Fotos2023/2023_2020-000564_PlazaAgataVillaverde.jpg;05/01/2024
001;AYUNTAMIENTO;190;OBRAS Y EQUIPAMIENTOS;2020/000566;PLAZA DE LA EMPERATRIZ DISTRITO CARABANCHEL. OBRAS DE REMODELACIÓN;2020;2023;2023;211;CARABANCHEL;PLAZA DE LA EMPERATRIZ;PLAZA;DE LA EMPERATRIZ;;40.373.473;-37.516.615;06;URBANISMO;1314263,62;3452356,01;;;;;4766619,63;FINALIZADO;Presupuesto 2022 Prorrogado, Importe 2023 es el Crédito Definitivo a 31.12.2023;https://transparencia.madrid.es/FWProjects/transparencia/EconomiaYPresupuestos/PresAbiertos/Fotos2023/2023_2020-000566_PlazaEmperatrizCarabanchel.jpg;05/01/2024
001;AYUNTAMIENTO;190;OBRAS Y EQUIPAMIENTOS;2020/007068;NAVE PARA ALMACÉN DE BOMBEROS EN LA ATALAYUELA. CONSTRUCCIÓN;2021;2024;;218;VILLA DE VALLECAS;EL REAL DE SAN VICENTE, 61;CALLE;EL REAL DE SAN VICENTE;61;4.036.931.148.352.710;-3.633.227.554.724.130;01;PROTECCIÓN CIVIL Y SEGURIDAD CIUDADANA;682018,94;3369876;655422,75;;;;4707317,69;EN PROCESO;Presupuesto 2022 Prorrogado, Importe 2023 es el Crédito Definitivo a 31.12.2023;;05/01/2024
001;AYUNTAMIENTO;190;OBRAS Y EQUIPAMIENTOS;2020/007069;BASE DEL SAMUR EN CIUDAD LINEAL, C/ PELOPONESO, 9. CONSTRUCCIÓN;2020;2023;2023;215;CIUDAD LINEAL;CALLE PELOPONESO, 9;CALLE;PELOPONESO;9;404.152.664;-36.266.822;01;PROTECCIÓN CIVIL Y SEGURIDAD CIUDADANA;1894110,2;149000;;;;;2043110,2;FINALIZADO;Presupuesto 2022 Prorrogado, Importe 2023 es el Crédito Definitivo a 31.12.2023;https://transparencia.madrid.es/FWProjects/transparencia/EconomiaYPresupuestos/PresAbiertos/Fotos2023/2023_2020-007069_SamurPeloponeso.jpg;05/01/2024
001;AYUNTAMIENTO;190;OBRAS Y EQUIPAMIENTOS;2020/007070;BASE SAMUR PUENTE VALLECAS, AVENIDA BUENOS AIRES, 17. CONSTRUCCIÓN;2020;2023;2023;213;PUENTE DE VALLECAS;AVENIDA BUENOS AIRES, 17 C/V CALLE SIERRA SALVADA;AVENIDA;BUENOS AIRES, 17 C/V CALLE SIERRA SALVADA;;403.887.019;-36.555.218;01;PROTECCIÓN CIVIL Y SEGURIDAD CIUDADANA;1644263,79;437670,83;;;;;2081934,62;FINALIZADO;Presupuesto 2022 Prorrogado, Importe 2023 es el Crédito Definitivo a 31.12.2023;https://transparencia.madrid.es/FWProjects/transparencia/EconomiaYPresupuestos/PresAbiertos/Fotos2023/2023_2020-007070_SamurPuenteVallecas.jpg;05/01/2024
001;AYUNTAMIENTO;190;OBRAS Y EQUIPAMIENTOS;2020/007071;UNIDAD INTEGRAL POLICÍA MUNICIPAL PUENTE VALLECAS, AVDA. BUENOS AIRES, 17. CONSTRUCCIÓN;2020;2023;2023;213;PUENTE DE VALLECAS;AVENIDA BUENOS AIRES, 17 C/V CALLE SIERRA SALVADA;AVENIDA;BUENOS AIRES, 17 C/V CALLE SIERRA SALVADA;;403.887.020;-36.555.218;01;PROTECCIÓN CIVIL Y SEGURIDAD CIUDADANA;3507121,48;2691739,3;;;;;6198860,78;FINALIZADO;Presupuesto 2022 Prorrogado, Importe 2023 es el Crédito Definitivo a 31.12.2023;https://transparencia.madrid.es/FWProjects/transparencia/EconomiaYPresupuestos/PresAbiertos/Fotos2023/2023_2020-007071_UIDPolicíaPuenteVallecas.jpg;05/01/2024
001;AYUNTAMIENTO;190;OBRAS Y EQUIPAMIENTOS;2021/000082;ESCUELA INFANTIL EN EL PASEO DE LA DIRECCIÓN. CONSTRUCCIÓN;2022;2024;;206;TETUÁN;PASEO DE LA DIRECCIÓN C/V CALLEALBERDI;PASEO DE;LA DIRECCIÓN C/V CALLEALBERDI;;40.465.910;-3.708.061;05;EDUCACIÓN;81928,21;1725433,99;653328;;;;2460690,2;EN PROCESO;Presupuesto 2022 Prorrogado, Importe 2023 es el Crédito Definitivo a 31.12.2023;;05/01/2024
001;AYUNTAMIENTO;190;OBRAS Y EQUIPAMIENTOS;2021/000329;PUERTA DEL SOL. OBRAS DE REMODELACIÓN;2021;2023;2023;201;CENTRO;PUERTA DEL SOL;;PUERTA DEL SOL;;4.041.691.713;-370.355.008;06;URBANISMO;5583613,1;11223775,98;;;;;16807389,08;FINALIZADO;Presupuesto 2022 Prorrogado, Importe 2023 es el Crédito Definitivo a 31.12.2023;http://transparencia.madrid.es/FWProjects/transparencia/EconomiaYPresupuestos/PresAbiertos/Fotos2023/2023_2021-000329_Sol.jpg;05/01/2024
001;AYUNTAMIENTO;190;OBRAS Y EQUIPAMIENTOS;2021/000338;EDIFICIO A1 C/ARCOS JALÓN, 34. REHABILITACIÓN PARA CENTRO TECNOLOGÍAS INNOVACIÓN Y COMUNICACIÓN;2021;2023;2023;220;SAN BLAS-CANILLEJAS;CALLE ARCOS DE JALÓN 34 C/V. CALLE AMPOSTA;CALLE;ARCOS DE JALÓN 34 C/V. CALLE AMPOSTA;;404.219.366;-36.212.382;13;OTROS BIENES PÚBLICOS DE CARÁCTER ECONÓMICO;2953253,52;799200,78;;;;;3752454,3;FINALIZADO;Presupuesto 2022 Prorrogado, Importe 2023 es el Crédito Definitivo a 31.12.2023;;05/01/2024
001;AYUNTAMIENTO;190;OBRAS Y EQUIPAMIENTOS;2021/000340;PASO INFERIOR BAJO LÍNEA FERROCARRIL POLÍGONO INDUSTRIAL VILLA DE VALLECAS. DESDOBLAMIENTO;2023;2024;;213 (50%) - 218 (50%);PUENTE DE VALLECAS - VILLA DE VALLECAS;POLÍGONO INDUSTRIAL VILLA DE VALLECAS;;POLÍGONO INDUSTRIAL VILLA DE VALLECAS;;4.037.410.474;-365.135.769;07;INFRAESTRUCTURAS;;601074,91;1772505,03;;;;2373579,94;EN PROCESO;Presupuesto 2022 Prorrogado, Importe 2023 es el Crédito Definitivo a 31.12.2023;;05/01/2024
001;AYUNTAMIENTO;190;OBRAS Y EQUIPAMIENTOS;2021/000387;CENTRO DE MAYORES MIRASIERRA. CONSTRUCCIÓN;2021;2023;2023;208;FUENCARRAL-EL PARDO;CALLE PEÑAVIEJA C/V MARBELLA, 59;CALLE;PEÑAVIEJA C/V MARBELLA, 59;;4.049.453.394.197.180;-3.706.395.285.041.530;03;PROTECCIÓN Y PROMOCIÓN SOCIAL;3281730;3175210,25;;;;;6456940,25;FINALIZADO;Presupuesto 2022 Prorrogado, Importe 2023 es el Crédito Definitivo a 31.12.2023;https://transparencia.madrid.es/FWProjects/transparencia/EconomiaYPresupuestos/PresAbiertos/Fotos2023/2023_2021-000387_CMMirasierra.jpg;05/01/2024
001;AYUNTAMIENTO;190;OBRAS Y EQUIPAMIENTOS;2021/000388;CENTRO CULTURAL VALDEBEBAS. CONSTRUCCIÓN;2021;2025;;216;HORTALEZA;AVENIDA MANUEL FRAGA IRIBARNE, 125 C/V JORDI SOLE TURA;AVENIDA;MANUEL FRAGA IRIBARNE, 125 C/V JORDI SOLE TURA;;404.923.517;-36.105.398;10;CULTURA;190086,36;450000;3000000;1800000;;;5440086,36;EN PROCESO;Presupuesto 2022 Prorrogado, Importe 2023 es el Crédito Definitivo a 31.12.2023;;05/01/2024
001;AYUNTAMIENTO;190;OBRAS Y EQUIPAMIENTOS;2021/000390;CASA DE FAMILIA VILLA DE VALLECAS. CONSTRUCCIÓN;2022;2025;;218;VILLA DE VALLECAS;AVENIDA ENSANCHE, 91 C/V FERNANDO CHUECAGOITIA;AVENIDA;ENSANCHE, 91 C/V FERNANDO CHUECAGOITIA;;4.036.130.898.199.510;-35.938.878.779.498.100;03;PROTECCIÓN Y PROMOCIÓN SOCIAL;149987,68;;2800000;1550000;;;4499987,68;EN PROCESO;Presupuesto 2022 Prorrogado, Importe 2023 es el Crédito Definitivo a 31.12.2023;;05/01/2024
001;AYUNTAMIENTO;190;OBRAS Y EQUIPAMIENTOS;2021/000404;ANTIGUO MERCADO DE LEGAZPI. SUBSANACIÓN DE PATOLOGÍAS;2021;2024;;202;ARGANZUELA;PLAZA DE LEGAZPI;PLAZA;LEGAZPI;;40.391.065;-36.976.967;00;INVERSIONES DE CARÁCTER GENERAL;8160763,46;5969050,05;1180000;;;;15309813,51;EN PROCESO;Presupuesto 2022 Prorrogado, Importe 2023 es el Crédito Definitivo a 31.12.2023;;05/01/2024
001;AYUNTAMIENTO;190;OBRAS Y EQUIPAMIENTOS;2021/000423;CENTRO DE MAYORES C/ TELLEZ. CONSTRUCCION;2022;2025;;203;RETIRO;CALLE TÉLLEZ, 2;CALLE;TÉLLEZ;2;404.042.354;-36.858.061;03;PROTECCIÓN Y PROMOCIÓN SOCIAL;140110,8;7674447,03;4000000;1800000;;;13614557,83;EN PROCESO;Presupuesto 2022 Prorrogado, Importe 2023 es el Crédito Definitivo a 31.12.2023;;05/01/2024
001;AYUNTAMIENTO;190;OBRAS Y EQUIPAMIENTOS;2021/000442;EDIFICIO C/ DOCTOR ESQUERDO, 138. OBRAS DE REFORMA;2021;2023;;203;RETIRO;C/DOCTOR ESQUERDO, 138;CALLE;DOCTOR ESQUERDO;138;40.405.725.834.574.000;-36.713.416.587.184.300;00;INVERSIONES DE CARÁCTER GENERAL;2723710,86;3609910,42;;;;;6333621,28;EN PROCESO;Presupuesto 2022 Prorrogado, Importe 2023 es el Crédito Definitivo a 31.12.2023;;05/01/2024
001;AYUNTAMIENTO;190;OBRAS Y EQUIPAMIENTOS;2021/000446;EDIFICIO MUNICIPAL C/ MONTAMARTA, 7. OBRAS DE ACONDICIONAMIENTO PARA CENTRO CULTURAL;2021;2025;;220;SAN BLAS-CANILLEJAS;CALLE DE MONTAMARTA, 7;CALLE;DE MONTAMARTA;7;404.230.284;-3.621.095;10;CULTURA;308597,98;1188032,57;1200000;180000;;;2876630,55;EN PROCESO;Presupuesto 2022 Prorrogado, Importe 2023 es el Crédito Definitivo a 31.12.2023;;05/01/2024
001;AYUNTAMIENTO;190;OBRAS Y EQUIPAMIENTOS;2021/000469;RECINTOS FERIALES CASA CAMPO. ADECUACIÓN VIARIA;2021;2023;2023;209;MONCLOA-ARAVACA;RECINTOS FERIALES CASA CAMPO;;RECINTOS FERIALES CASA CAMPO;;4.041.502.215.338.120;-3.734.403.231.025.080;08;MANTENIMIENTO URBANO;2992023,84;2740685,7;;;;;5732709,54;FINALIZADO;Presupuesto 2022 Prorrogado, Importe 2023 es el Crédito Definitivo a 31.12.2023;https://transparencia.madrid.es/FWProjects/transparencia/EconomiaYPresupuestos/PresAbiertos/Fotos2023/2023_2021-000469_RecintosFerialesCasaCampoViales.jpg;05/01/2024
001;AYUNTAMIENTO;190;OBRAS Y EQUIPAMIENTOS;2021/000502;ENTORNO PLAZA DE LOS MOSTENSES. REMODELACIÓN Y MEJORA MOVILIDAD;2022;2023;2023;201;CENTRO;ENTORNO PLAZA DE LOS MOSTENSES;PLAZA;DE LOS MOSTENSES;;4.042.319.875;-370.878.751;06;URBANISMO;772737,51;4277697;;;;;5050434,51;FINALIZADO;Presupuesto 2022 Prorrogado, Importe 2023 es el Crédito Definitivo a 31.12.2023;https://transparencia.madrid.es/FWProjects/transparencia/EconomiaYPresupuestos/PresAbiertos/Fotos2023/2023_2021-000502_EntornoPlazaMostenses.jpg;05/01/2024
001;AYUNTAMIENTO;190;OBRAS Y EQUIPAMIENTOS;2021/001152;AVENIDA DEL GENERAL PERÓN. REMODELACIÓN ESPACIOS ESTANCIALES E ITINERARIOS PEATONALES;2022;2023;2023;206;TETUÁN;AVENIDA DEL GENERAL PERÓN;AVENIDA;GENERAL PERON;;4.045.255.742;-369.734.223;06;URBANISMO;5801999,95;6702299,92;;;;;12504299,87;FINALIZADO;Presupuesto 2022 Prorrogado, Importe 2023 es el Crédito Definitivo a 31.12.2023;https://transparencia.madrid.es/FWProjects/transparencia/EconomiaYPresupuestos/PresAbiertos/Fotos2023/2023_2021-001152_AvGeneralPeron.jpg;05/01/2024
001;AYUNTAMIENTO;190;OBRAS Y EQUIPAMIENTOS;2021/001330;CENTRO DEPORTIVO CERRO ALMODÓVAR. ADECUACIÓN PABELLÓN VOLEY PLAYA;2021;2024;;218;VILLA DE VALLECAS;C/ CERRO ALMODOVAR, 9;CALLE;CERRO ALMODÓVAR;9;40.382.947.591.900.400;-36.024.611.317.314.300;11;DEPORTES, JUVENTUD  Y ESPARCIMIENTO;1311170,16;1482093,88;811364;;;;3604628,04;EN PROCESO;Presupuesto 2022 Prorrogado, Importe 2023 es el Crédito Definitivo a 31.12.2023;;05/01/2024
001;AYUNTAMIENTO;190;OBRAS Y EQUIPAMIENTOS;2021/001335;VESTUARIOS CAMPOS DE RUGBY Y FÚTBOL EN ENTREVÍAS. CONSTRUCCIÓN;2021;2023;;213;PUENTE DE VALLECAS;RONDA DEL SUR, 4 (PARQUE DE ENTREVÍAS);RONDA;DEL SUR (PARQUE DE ENTREVÍAS);4;4.037.787.388.790.650;-36.738.970.028.962.700;11;DEPORTES, JUVENTUD  Y ESPARCIMIENTO;192440,75;1205849;;;;;1398289,75;EN PROCESO;Presupuesto 2022 Prorrogado, Importe 2023 es el Crédito Definitivo a 31.12.2023;;05/01/2024
001;AYUNTAMIENTO;190;OBRAS Y EQUIPAMIENTOS;2021/001403;CENTRO DEPORTIVO GIMNASIO MOSCARDÓ. OBRAS REFORMA PISCINA SAMARANCH;2021;2023;2023;204;SALAMANCA;C/ PILAR DE ZARAGOZA, 93;CALLE;PILAR DE ZARAGOZA;93;4.043.808.012.712.380;-36.744.838.452.233.500;11;DEPORTES, JUVENTUD  Y ESPARCIMIENTO;5500000;2310000;;;;;7810000;FINALIZADO;Presupuesto 2022 Prorrogado, Importe 2023 es el Crédito Definitivo a 31.12.2023;https://transparencia.madrid.es/FWProjects/transparencia/EconomiaYPresupuestos/PresAbiertos/Fotos2023/2023_2021-001403_GimnasioMoscardóPiscinaSamaranch.jpg;05/01/2024
001;AYUNTAMIENTO;190;OBRAS Y EQUIPAMIENTOS;2022/000250;EDIFICIO C/ COMANDANTE AZCÁRRAGA 4. OBRAS DE REFORMA Y ACONDICIONAMIENTO;2022;2023;2023;205;CHAMARTÍN;CALLE COMANDANTE AZCÁRRAGA, 4;CALLE;COMANDANTE AZCÁRRAGA;4;40.461.339.027.950.000;-36.687.121.317.285.700;01;PROTECCIÓN CIVIL Y SEGURIDAD CIUDADANA;3299762,14;664165,34;;;;;3963927,48;FINALIZADO;Presupuesto 2022 Prorrogado, Importe 2023 es el Crédito Definitivo a 31.12.2023;https://transparencia.madrid.es/FWProjects/transparencia/EconomiaYPresupuestos/PresAbiertos/Fotos2023/2023_2022-000250_EdificioComandanteAzcárraga4.jpg;05/01/2024
001;AYUNTAMIENTO;190;OBRAS Y EQUIPAMIENTOS;2022/000282;CALLE AYERBE, TRAMO C/FUENTE DE TORREJONA - C/EMPEDRADA. REMODELACIÓN DE LA URBANIZACIÓN;2022;2023;2023;221;BARAJAS;CALLE AYERBE.TRAMO FUENTE TORREJONA-CALLE EMPEDRADA;CALLE;AYERBE;;4.047.234.488;-357.624.752;06;URBANISMO;2268836,92;6373257;;;;;8642093,92;FINALIZADO;Presupuesto 2022 Prorrogado, Importe 2023 es el Crédito Definitivo a 31.12.2023. 1ª fase Ejecutada en código de proyecto 2020/000294;https://transparencia.madrid.es/FWProjects/transparencia/EconomiaYPresupuestos/PresAbiertos/Fotos2023/2023_2022-000282_CalleAyerbeTramoTorrejonaEmpedrada.jpg;05/01/2024
001;AYUNTAMIENTO;190;OBRAS Y EQUIPAMIENTOS;2022/000283;CARRETERA DE VALDECARROS. ADECUACIÓN DE VIALES;2023;2024;;218;VILLA DE VALLECAS;CARRETERA DE VALDECARROS;CARRETERA;VALDECARROS;;4.036.126.153;-362.726.055;07;INFRAESTRUCTURAS;;;2912224;;;;2912224;EN PROCESO;Presupuesto 2022 Prorrogado, Importe 2023 es el Crédito Definitivo a 31.12.2023;;05/01/2024
001;AYUNTAMIENTO;190;OBRAS Y EQUIPAMIENTOS;2022/000284;PUENTE C/PEDRO BOSCH, BARRIO DE PACÍFICO. DEMOLICIÓN PARCIAL Y CONSTRUCCIÓN DE NUEVAS RAMPAS;2022;2023;2023;203;RETIRO;CALLE PEDRO BOSCH, BARRIO DE PACÍFICO;CALLE;PEDRO BOSCH ;;4.039.914.304;-367.687.697;07;INFRAESTRUCTURAS;8346051,06;8930758,94;;;;;17276810;FINALIZADO;Presupuesto 2022 Prorrogado, Importe 2023 es el Crédito Definitivo a 31.12.2023;https://transparencia.madrid.es/FWProjects/transparencia/EconomiaYPresupuestos/PresAbiertos/Fotos2023/2023_2022-000284_PuentePedroBoschRampas.jpg;05/01/2024
001;AYUNTAMIENTO;190;OBRAS Y EQUIPAMIENTOS;2022/000285;PUENTE DE LA CALLE EDUARDO BARREIROS SOBRE LA M-40. DESDOBLAMIENTO;2023;2025;;212 (15%) - 217 (85%);VILLAVERDE - USERA;CALLE EDUARDO BARREIROS;CALLE;EDUARDO BARREIROS;;4.036.455.103;-369.869.538;07;INFRAESTRUCTURAS;;;4899065;220000;;;5119065;EN PROCESO;Presupuesto 2022 Prorrogado, Importe 2023 es el Crédito Definitivo a 31.12.2023;;05/01/2024
001;AYUNTAMIENTO;190;OBRAS Y EQUIPAMIENTOS;2022/000289;EJE PEDRO BOSCH-DOCTOR ESQUERDO. OBRAS DE REMODELACIÓN DE LA URBANIZACIÓN;2022;2023;2023;203;RETIRO;EJE PEDRO BOSCH-DOCTOR ESQUERDO;CALLE;PEDRO BOSCH - DOCTOR ESQUERDO;;404.033.514;-367.287.751;06;URBANISMO;5299999,99;5408973,7;;;;;10708973,69;FINALIZADO;Presupuesto 2022 Prorrogado, Importe 2023 es el Crédito Definitivo a 31.12.2023;https://transparencia.madrid.es/FWProjects/transparencia/EconomiaYPresupuestos/PresAbiertos/Fotos2023/2023_2022-000289_EjePedroBoschDrEsquerdo.jpg;05/01/2024
001;AYUNTAMIENTO;190;OBRAS Y EQUIPAMIENTOS;2022/000294;CALLE BAILEN EN EL ENTORNO AL MUSEO DE COLECCIONES REALES. ADECUACIÓN ACCESOS;2023;2023;2023;201;CENTRO;CALLE DE BAILEN;CALLE;DE BAILEN;;40.414.908;-37.171.685;08;MANTENIMIENTO URBANO;;1974058,14;;;;;1974058,14;FINALIZADO;Presupuesto 2022 Prorrogado, Importe 2023 es el Crédito Definitivo a 31.12.2023;https://transparencia.madrid.es/FWProjects/transparencia/EconomiaYPresupuestos/PresAbiertos/Fotos2023/2023_2022-000294_BailénColeccionesReales.jpg;05/01/2024
001;AYUNTAMIENTO;190;OBRAS Y EQUIPAMIENTOS;2022/000295;CALLE ALCALÁ EN EL TRAMO: QUINTANA-ARTURO SORIA. DISTRITO DE CIUDAD LINEAL. REMODELACIÓN;2022;2023;2023;215;CIUDAD LINEAL;CALLE DE ALCALÁ;CALLE;DE ALCALÁ;;404.350.189;-36.486.273;06;URBANISMO;1431302,74;5733671;;;;;7164973,74;FINALIZADO;Presupuesto 2022 Prorrogado, Importe 2023 es el Crédito Definitivo a 31.12.2023;https://transparencia.madrid.es/FWProjects/transparencia/EconomiaYPresupuestos/PresAbiertos/Fotos2023/2023_2022-000295_AlcalaTramoQuintanaArturo Soria.jpg;05/01/2024
001;AYUNTAMIENTO;190;OBRAS Y EQUIPAMIENTOS;2022/000296;CALLE JUAN ÁLVAREZ MENDIZÁBAL DISTRITO DE MONCLOA-ARAVACA. OBRAS DE REMODELACIÓN;2023;2024;;209;MONCLOA-ARAVACA;CALLE DE JUAN ÁLVAREZ MENDIZÁBAL;CALLE;DE JUAN ÁLVAREZ MENDIZÁBAL;;404.243.759;-37.137.565;08;MANTENIMIENTO URBANO;;1469485;820000;;;;2289485;EN PROCESO;Presupuesto 2022 Prorrogado, Importe 2023 es el Crédito Definitivo a 31.12.2023;;05/01/2024
001;AYUNTAMIENTO;190;OBRAS Y EQUIPAMIENTOS;2022/000297;LATERAL NORTE AVENIDA DE LA ILUSTRACIÓN. OBRAS DE REURBANIZACIÓN;2022;2023;2023;208;FUENCARRAL-EL PARDO;LATERAL DE LA AVENIDA DE LA ILUSTRACIÓN;AVENIDA;ILUSTRACION;;4.048.317.782;-370.454.099;06;URBANISMO;3290786,69;8305096,63;;;;;11595883,32;FINALIZADO;Presupuesto 2022 Prorrogado, Importe 2023 es el Crédito Definitivo a 31.12.2023;https://transparencia.madrid.es/FWProjects/transparencia/EconomiaYPresupuestos/PresAbiertos/Fotos2023/2023_2022-000297_AvIlustracionNorte.jpg;05/01/2024
001;AYUNTAMIENTO;190;OBRAS Y EQUIPAMIENTOS;2022/000301;CASCO HISTÓRICO DE BARAJAS. OBRAS DE PEATONALIZACIÓN;2023;2024;;221;BARAJAS;;;;;40.472.061;-35.842.523;08;MANTENIMIENTO URBANO;;;3000000;;;;3000000;EN PROCESO;Presupuesto 2022 Prorrogado, Importe 2023 es el Crédito Definitivo a 31.12.2023;;05/01/2024
001;AYUNTAMIENTO;190;OBRAS Y EQUIPAMIENTOS;2022/000306;BASE SAMUR-PROTECCION CIVIL Y CENTRO DE SALUD DEL DISTRITO DE MORATALAZ. CONSTRUCCION;2022;2024;;214;MORATALAZ;CALLE BRUJAS, 28;CALLE;BRUJAS;28;4.040.000.939.236.900;-362.810.027.406.011;01;PROTECCIÓN CIVIL Y SEGURIDAD CIUDADANA;133714,38;;1823852;;;;1957566,38;EN PROCESO;Presupuesto 2022 Prorrogado, Importe 2023 es el Crédito Definitivo a 31.12.2023;;05/01/2024
001;AYUNTAMIENTO;190;OBRAS Y EQUIPAMIENTOS;2022/000307;CENTRO MULTIFUNCIONAL C/ FRANCISCO REMIRO, 21. CONSTRUCCION;2022;2025;;204;SALAMANCA;C/FRANCISCO REMIRO, 21;CALLE;FRANCISCO REMIRO;21;4.043.858.779.152.410;-3.666.769.831.729.440;10;CULTURA;121325,37;1897357,18;4500000;4250000;;;10768682,55;EN PROCESO;Presupuesto 2022 Prorrogado, Importe 2023 es el Crédito Definitivo a 31.12.2023;;05/01/2024
001;AYUNTAMIENTO;190;OBRAS Y EQUIPAMIENTOS;2022/000308;NUEVO AULARIO DEL CENTRO DE FORMACION DE SEGURIDAD Y EMERGENCIAS (CIFSE). CONSTRUCCION;2022;2025;;210;LATINA;CALLE SEPÚLVEDA, 153, 28011 MADRID;CALLE;SEPÚLVEDA;153;4.040.286.845.108.910;-37.515.003.028.953.500;01;PROTECCIÓN CIVIL Y SEGURIDAD CIUDADANA;126501,54;118354,7;7250000;5566049,1;;;13060905,34;EN PROCESO;Presupuesto 2022 Prorrogado, Importe 2023 es el Crédito Definitivo a 31.12.2023;;05/01/2024
001;AYUNTAMIENTO;190;OBRAS Y EQUIPAMIENTOS;2022/000466;CENTRO DEPORTIVO C/MISTRAL, 4. PISCINA DE VERANO, VESTUARIOS, CERRAMIENTO E INSTALACIONES;2022;2023;;221;BARAJAS;CALLE MISTRAL, 4;CALLE;MISTRAL;4;4.047.899.049.638.740;-3.596.845.384.536.780;11;DEPORTES, JUVENTUD  Y ESPARCIMIENTO;360566,36;3196203,08;;;;;3556769,44;EN PROCESO;Presupuesto 2022 Prorrogado, Importe 2023 es el Crédito Definitivo a 31.12.2023;;05/01/2024
001;AYUNTAMIENTO;190;OBRAS Y EQUIPAMIENTOS;2022/000467;CENTRO DEPORTIVO PASEO DE LA DIRECCION. PISCINA DE VERANO, VESTUARIOS,CERRAMIENTO E INSTALACIONES;2022;2023;;206;TETUÁN;C/PASEO DE LA DIRECCIÓN C/V C/OFELIA NIETO;CALLE;PASEO DE LA DIRECCIÓN C/V OFELIA NIETO;;4.046.343.190.472.340;-37.072.100.671.845.500;11;DEPORTES, JUVENTUD  Y ESPARCIMIENTO;107319,37;2983152,89;;;;;3090472,26;EN PROCESO;Presupuesto 2022 Prorrogado, Importe 2023 es el Crédito Definitivo a 31.12.2023;;05/01/2024
001;AYUNTAMIENTO;190;OBRAS Y EQUIPAMIENTOS;2022/000484;CARRIL BICI EN LA GRAN VÍA DE VILLAVERDE. OBRAS DE ADAPTACIÓN;2022;2023;2023;217;VILLAVERDE;GRAN VÍA DE VILLAVERDE;AVENIDA;GRAN VIA DE VILLAVERDE;;40.345.768;-3.693.884;07;INFRAESTRUCTURAS;276480,8;915079;;;;;1191559,8;FINALIZADO;Presupuesto 2022 Prorrogado, Importe 2023 es el Crédito Definitivo a 31.12.2023;https://transparencia.madrid.es/FWProjects/transparencia/EconomiaYPresupuestos/PresAbiertos/Fotos2023/2023_2022-000484_CarrilBiciGranViaVillaverde.jpg;05/01/2024
001;AYUNTAMIENTO;190;OBRAS Y EQUIPAMIENTOS;2022/000485;GRAN VÍA DE VILLAVERDE. MEJORA ACCESIBILIDAD Y MOVILIDAD PEATONAL;2022;2023;2023;217;VILLAVERDE;GRAN VÍA DE VILLAVERDE;AVENIDA;GRAN VIA DE VILLAVERDE;;40.345.904.616.213.100;-36.934.598.489.939.900;08;MANTENIMIENTO URBANO;283041,8;924922;;;;;1207963,8;FINALIZADO;Presupuesto 2022 Prorrogado, Importe 2023 es el Crédito Definitivo a 31.12.2023;https://transparencia.madrid.es/FWProjects/transparencia/EconomiaYPresupuestos/PresAbiertos/Fotos2023/2023_2022-000485_GranViaVillaverdeAccesPeatonal.jpg;05/01/2024
001;AYUNTAMIENTO;190;OBRAS Y EQUIPAMIENTOS;2022/000487;ESCUELA DE MÚSICA EN EL DISTRITO DE PUENTE DE VALLECAS. CONSTRUCCIÓN;2022;2025;;213;PUENTE DE VALLECAS;C/ JAVIER DE MIGUEL, 8 C/V C/ MARTÍNEZ DE LA RIVA;CALLE;JAVIER DE MIGUEL 8 C/V MARTÍNEZ DE LA RIVA;;4.038.901.771.292.810;-3.664.102.470.612.630;05;EDUCACIÓN;81548,72;42833,74;2350000;489000;;;2963382,46;EN PROCESO;Presupuesto 2022 Prorrogado, Importe 2023 es el Crédito Definitivo a 31.12.2023;https://transparencia.madrid.es/FWProjects/transparencia/EconomiaYPresupuestos/PresAbiertos/Fotos2023/2023_2022-000485_GranViaVillaverdeAccesPeatonal.jpg;05/01/2024
001;AYUNTAMIENTO;190;OBRAS Y EQUIPAMIENTOS;2022/000488;FACTORÍA INDUSTRIAL VILLA DE VALLECAS. CONSTRUCCIÓN;2022;2025;;218;VILLA DE VALLECAS;AVDA. DE CARTAGENA DE INDIAS, 50;AVENIDA;DE CARTAGENA DE INDIAS;50;40.364.956;-3.640.114;14;SECTORES PRODUCTIVOS;80343,82;150000;3800000;2750000;;;6780343,82;EN PROCESO;Presupuesto 2022 Prorrogado, Importe 2023 es el Crédito Definitivo a 31.12.2023;;05/01/2024
001;AYUNTAMIENTO;190;OBRAS Y EQUIPAMIENTOS;2022/001001;ESCUELA INFANTIL LOS PAJARITOS, DISTRITO DE RETIRO. CONSTRUCCIÓN;2022;2024;;203;RETIRO;C/ ADELFAS, 6;CALLE;ADELFAS;6;4.040.279.966.157.040;-36.724.092.452.246.300;05;EDUCACIÓN;63585,28;53454,39;2850000;;;;2967039,67;EN PROCESO;Presupuesto 2022 Prorrogado, Importe 2023 es el Crédito Definitivo a 31.12.2023;;05/01/2024
001;AYUNTAMIENTO;190;OBRAS Y EQUIPAMIENTOS;2022/001064;CENTRO DE MAYORES PARQUE EUROPA. CONSTRUCCIÓN;2022;2025;;210;LATINA;C/ FUENTE DEL TIRO, 72;CALLE;DE LA FUENTE DEL TIRO;72;4.038.418.397;-377.866.128;03;PROTECCIÓN Y PROMOCIÓN SOCIAL;91112,23;58618,55;3800000;600000;;;4549730,78;EN PROCESO;Presupuesto 2022 Prorrogado, Importe 2023 es el Crédito Definitivo a 31.12.2023;;05/01/2024
001;AYUNTAMIENTO;190;OBRAS Y EQUIPAMIENTOS;2022/001067;CENTRO DEPORTIVO CONCEPCIÓN. SUBSANACIÓN DE PATOLOGÍAS GRADERÍOS CAMPO DE FÚTBOL;2022;2023;;215;CIUDAD LINEAL;C/ JOSE DEL HIERRO, 5;CALLE;JOSÉ DEL HIERRO;5;404.372.662;-36.484.385;11;DEPORTES, JUVENTUD  Y ESPARCIMIENTO;106155,24;1001915,78;;;;;1108071,02;EN PROCESO;Presupuesto 2022 Prorrogado, Importe 2023 es el Crédito Definitivo a 31.12.2023;;05/01/2024
001;AYUNTAMIENTO;190;OBRAS Y EQUIPAMIENTOS;2022/001255;COLONIAS HISTÓRICAS DEL DISTRITO DE CHAMARTÍN. OBRAS DE REMODELACIÓN;2022;2023;;205;CHAMARTÍN;CALLE DE EMILIO CAMPION, 13;CALLE;DE EMILIO CAMPION;13;4.044.593.437.095.230;-36.789.682.463.686.200;08;MANTENIMIENTO URBANO;13983,05;4614323,26;;;;;4628306,31;EN PROCESO;Presupuesto 2022 Prorrogado, Importe 2023 es el Crédito Definitivo a 31.12.2023;;05/01/2024
001;AYUNTAMIENTO;190;OBRAS Y EQUIPAMIENTOS;2022/001262;DIVERSAS CALLES DEL ENTORNO DE LA PLAZA DE OLAVIDE. OBRAS DE REURBANIZACIÓN;2023;2024;;207;CHAMBERÍ;;;;;404.327.769;-37.054.483;06;URBANISMO;;1989063,54;3519175;;;;5508238,54;EN PROCESO;Presupuesto 2022 Prorrogado, Importe 2023 es el Crédito Definitivo a 31.12.2023;;05/01/2024
001;AYUNTAMIENTO;190;OBRAS Y EQUIPAMIENTOS;2022/001279;CENTRO DEPORTIVO DE ORCASITAS. REFORMA VASO DE PISCINA, GALERÍA VISITABLE, PLAYAS Y OTRAS;2022;2024;;212;USERA;AV.RAFAELA YBARRA, 52;AVENIDA;DE RAFAELA YBARRA;52;403.755.929;-37.124.488;11;DEPORTES, JUVENTUD  Y ESPARCIMIENTO;899999,97;4677045,06;3100000;;;;8677045,03;EN PROCESO;Presupuesto 2022 Prorrogado, Importe 2023 es el Crédito Definitivo a 31.12.2023;;05/01/2024
001;AYUNTAMIENTO;190;OBRAS Y EQUIPAMIENTOS;2022/001285;CENTRO DEPORTIVO HORTALEZA. SUBSANACIÓN PATOLOGÍAS VASO OLÍMPICO Y ADAPTACIÓN A NORMATIVA;2022;2023;2023;216;HORTALEZA;CTERA. ESTACIÓN DE HORTALEZA, 11;CARRETERA;ESTACIÓN DE HORTALEZA;11;404.787.274;-36.527.117;11;DEPORTES, JUVENTUD  Y ESPARCIMIENTO;375999,99;1696837,26;;;;;2072837,25;FINALIZADO;Presupuesto 2022 Prorrogado, Importe 2023 es el Crédito Definitivo a 31.12.2023;https://transparencia.madrid.es/FWProjects/transparencia/EconomiaYPresupuestos/PresAbiertos/Fotos2023/2023_2022-001285_CDMHortalezaVasoOlimpico.jpg;05/01/2024
001;AYUNTAMIENTO;190;OBRAS Y EQUIPAMIENTOS;2022/001303;PABELLÓN DEPORTIVO EN CALLE MÓNACO, 10, DISTRITO SAN BLAS-CANILLEJAS. CONSTRUCCIÓN;2022;2025;;220;SAN BLAS-CANILLEJAS;C/ MÓNACO, 10;CALLE;DE MÓNACO;10;404.316.155;-36.042.837;11;DEPORTES, JUVENTUD  Y ESPARCIMIENTO;32070,74;13744,59;8000000;4021539,35;;;12067354,68;EN PROCESO;Presupuesto 2022 Prorrogado, Importe 2023 es el Crédito Definitivo a 31.12.2023;;05/01/2024
001;AYUNTAMIENTO;190;OBRAS Y EQUIPAMIENTOS;2022/001304;ESCUELA INFANTIL EN CALLE DE LA SILVINA, 8, BARRIO DE SAN FERMÍN. CONSTRUCCIÓN;2022;2025;;212;USERA;AVENIDA OROVILLA, 13 - C/ DE LA SILVINA;AVENIDA;OROVILLA C/V CALLE DE LA SILVINA;;40.365.188.612.795.000;-36.916.910.704.335.500;05;EDUCACIÓN;87219,91;66996,1;3400000;400000;;;3954216,01;EN PROCESO;Presupuesto 2022 Prorrogado, Importe 2023 es el Crédito Definitivo a 31.12.2023;;05/01/2024
001;AYUNTAMIENTO;190;OBRAS Y EQUIPAMIENTOS;2022/001580;CENTRO DE MAYORES PALACIO DE LA DUQUESA DE SUECA. OBRAS DE SUBSANACIÓN DE PATOLOGÍAS;2022;2024;;201;CENTRO;PZA. DUQUE DE ALBA, 2;PLAZA;DEL DUQUE DE ALBA;2;40.411.727;-3.706.780;03;PROTECCIÓN Y PROMOCIÓN SOCIAL;89088,8;181433,81;900000;;;;1170522,61;EN PROCESO;Presupuesto 2022 Prorrogado, Importe 2023 es el Crédito Definitivo a 31.12.2023;;05/01/2024
001;AYUNTAMIENTO;190;OBRAS Y EQUIPAMIENTOS;2022/001640;UNIDAD INTEGRAL DE POLICÍA MUNICIPAL DE VICÁLVARO. CONSTRUCCIÓN;2022;2025;;219;VICÁLVARO;C/ DE LOS PINILLAS, 33 C/V. C/DE CORDEL DE PAVONES  ;CALLE;DE LOS PINILLAS, 33 C/V CALLE DE CORDEL DE PAVONES;;4.039.933.999;-361.715.501;01;PROTECCIÓN CIVIL Y SEGURIDAD CIUDADANA;97571,52;35289,69;4000000;1900000;;;6032861,21;EN PROCESO;Presupuesto 2022 Prorrogado, Importe 2023 es el Crédito Definitivo a 31.12.2023;;05/01/2024
001;AYUNTAMIENTO;190;OBRAS Y EQUIPAMIENTOS;2022/002008;GIMNASIO EN CENTRO DEPORTIVO HORTALEZA. CONSTRUCCIÓN (ID 18: 8847);2022;2023;2023;216;HORTALEZA;CARRETERA DE LA ESTACIÓN DE HORTALEZA, 11;CARRETERA;ESTACIÓN DE HORTALEZA;11;404.787.274;-36.527.117;11;DEPORTES, JUVENTUD  Y ESPARCIMIENTO;42763,07;1323476,55;;;;;1366239,62;FINALIZADO;Presupuesto 2022 Prorrogado, Importe 2023 es el Crédito Definitivo a 31.12.2023;https://transparencia.madrid.es/FWProjects/transparencia/EconomiaYPresupuestos/PresAbiertos/Fotos2023/2023_2022-002008_GimnasioHortaleza.jpg;05/01/2024
001;AYUNTAMIENTO;190;OBRAS Y EQUIPAMIENTOS;2022/002042;ACERAS EN EL BARRIO DE LA CONCEPCIÓN. PAVIMENTACIÓN Y MEJORA (ID 20: 13325);2022;2023;2023;215;CIUDAD LINEAL;BARRIO DE LA CONCEPCIÓN;BARRIO;DE LA CONCEPCIÓN;;4.043.748.387.563.460;-36.506.546.039.000.600;08;MANTENIMIENTO URBANO;43546,51;1487204,32;;;;;1530750,83;FINALIZADO;Presupuesto 2022 Prorrogado, Importe 2023 es el Crédito Definitivo a 31.12.2023;https://transparencia.madrid.es/FWProjects/transparencia/EconomiaYPresupuestos/PresAbiertos/Fotos2023/2023_2022-002042_AcerasBarrioConcepcion.jpg;05/01/2024
001;AYUNTAMIENTO;190;OBRAS Y EQUIPAMIENTOS;2023/003005;BIBLIOTECA PÚBLICA C/SILVANO,101-103 (ENTORNO GLORIETA MAR DE CRISTAL). CONSTRUCCIÓN (ID 21: 18793);2023;2025;;216;HORTALEZA;CALLE DE SILVANO, 101 C/V C/JOSÉ DOMINGO RUS;CALLE;DE SILVANO;101;4.046.398.431;-36.325.963;10;CULTURA;;159045,55;2340000;2000000;;;4499045,55;EN PROCESO;Presupuesto 2022 Prorrogado, Importe 2023 es el Crédito Definitivo a 31.12.2023;;05/01/2024
001;AYUNTAMIENTO;190;OBRAS Y EQUIPAMIENTOS;2023/003006;CENTRO CULTURAL, BIBLIOTECA, AUDITORIO Y LUDOTECA EN EL CAÑAVERAL. CONSTRUCCIÓN (ID 21: 19005);2023;2025;;219;VICÁLVARO;C/ILUSIÓN,32;CALLE ;ILUSIÓN;32;4.040.618.148;-355.433.462;10;CULTURA;;151647,73;2430000;3400000;;;5981647,73;EN PROCESO;Presupuesto 2022 Prorrogado, Importe 2023 es el Crédito Definitivo a 31.12.2023;;05/01/2024
001;AYUNTAMIENTO;204;DISTRITO DE SALAMANCA;2020/000354;EDIFICIO SEDE DISTRITO SALAMANCA. OBRAS DE REHABILITACIÓN GENERAL;2020;2024;;204;SALAMANCA;CALLE VELÁZQUEZ, 52;CALLE;VELÁZQUEZ;52;404.273.605;-36.858.071;00;INVERSIONES DE CARÁCTER GENERAL;152262,93;;1300000;;;;1452262,93;EN PROCESO;Presupuesto 2022 Prorrogado, Importe 2023 es el Crédito Definitivo a 31.12.2023;;05/01/2024
001;AYUNTAMIENTO;210;DISTRITO DE LATINA;2020/000828;ESCUELA DE MÚSICA EN C/ HURTUMPASCUAL, DISTRITO LATINA. CONSTRUCCIÓN;2022;2024;;210;LATINA;CALLE HURTUMPASCUAL, 1-3.;CALLE;HURTUMPASCUAL;1 y 3;404.011.395;-37.451.803;05;EDUCACIÓN;186953,21;2472102,24;1642839;;;;4301894,45;EN PROCESO;Presupuesto 2022 Prorrogado, Importe 2023 es el Crédito Definitivo a 31.12.2023;;05/01/2024
001;AYUNTAMIENTO;212;DISTRITO DE USERA;2022/000494;DEPORTIVO BÁSICO EN C/ GAINZA, DISTRITO DE USERA. CONSTRUCCIÓN;2023;2023;;212;USERA;CALLE GAINZA;CALLE;GAINZA;;40.371.720.738.015.900;-37.191.775.029.696.100;11;DEPORTES, JUVENTUD  Y ESPARCIMIENTO;;996306,89;;;;;996306,89;EN PROCESO;Presupuesto 2022 Prorrogado, Importe 2023 es el Crédito Definitivo a 31.12.2023;;05/01/2024
001;AYUNTAMIENTO;212;DISTRITO DE USERA;2023/001500;DEPORTIVO BÁSICO ROMÁN VALERO. CONSTRUCCIÓN DE NUEVAS PISTAS DEPORTIVAS;2023;2024;;212;USERA;CALLE DE ANDRÉS ARTEAGA nº 1;CALLE;DE ANDRÉS ARTEAGA;1;4.038.791;-370.469;11;DEPORTES, JUVENTUD  Y ESPARCIMIENTO;;100000;900000;;;;1000000;EN PROCESO;Presupuesto 2022 Prorrogado, Importe 2023 es el Crédito Definitivo a 31.12.2023;;05/01/2024
001;AYUNTAMIENTO;216;DISTRITO DE HORTALEZA;2022/002015;INSTALACIONES DEPORTIVAS PARQUE JUAN PABLO II. OBRAS DE REFORMA Y MEJORA (ID 19: 11672);2023;2023;2023;216;HORTALEZA;AVDA. DE LAS PICEAS 13. PARQUE JUAN PABLO II;AVENIDA;DE LAS PICEAS (PARQUE JUAN PABLO II);13;40.457.908.247.312.200;-36.199.757.317.287.100;11;DEPORTES, JUVENTUD  Y ESPARCIMIENTO;;609127,72;;;;;609127,72;FINALIZADO;Presupuesto 2022 Prorrogado, Importe 2023 es el Crédito Definitivo a 31.12.2023;https://transparencia.madrid.es/FWProjects/transparencia/EconomiaYPresupuestos/PresAbiertos/Fotos2023/2023_2022-002015_IDeportivasParqueJPabloII.jpg;05/01/2024
801;MERCAMADRID, S.A.;140;ECONOMÍA, INNOVACIÓN Y EMPLEO;2020/MERCA/001;MERCAMADRID. MEJORA ACCESOS, CONDICIONES DE MOVILIDAD E INSTALACIONES DE SEGURIDAD;2019;2026;;218;VILLA DE VALLECAS;Avenida Madrid S/N;Avenida;Madrid;;403.616.249;-3.664.242;14;SECTORES PRODUCTIVOS;6176632,64;1081200;610000;610000;610000;;9087832,64;EN PROCESO;;;26/04/2023
801;MERCAMADRID, S.A.;140;ECONOMÍA, INNOVACIÓN Y EMPLEO;2020/MERCA/002;MERCADOS CENTRALES Y EDIFICACIONES;2019;2026;;218;VILLA DE VALLECAS;Avenida Madrid S/N;Avenida;Madrid;;403.585.575;-36.675.801;14;SECTORES PRODUCTIVOS;12759427,22;3131001;2903818;1519000;323000;;20636246,22;EN PROCESO;;;26/04/2023
801;MERCAMADRID, S.A.;140;ECONOMÍA, INNOVACIÓN Y EMPLEO;2020/MERCA/003;AMPLIACIÓN MERCAMADRID. REFORESTACIÓN Y ADECUACIÓN DEL ENTORNO, NUEVOS CENTROS DE FORMACIÓN ALIMENTARIA, APARCAMIENTO Y MEJORA DEL CENTRO ADMINISTRATIVO;2019;2026;;218;VILLA DE VALLECAS;Avenida Madrid S/N;Avenida;Madrid;;4.036.557.798.757.290;-3.668.069.465.062.160;14;SECTORES PRODUCTIVOS;7833857,32;5123567;4485679;5742912;7050000;;30236015,32;EN PROCESO;;;26/04/2023
706;MADRID DESTINO, CULT.,TURISMO Y NEGOCIO, S.A.;130;CULTURA, TURISMO Y DEPORTE;MD/2016/003;REHABILITACIÓN EDIFICIOS TEATRO FERNÁN GÓMEZ;2016;2023;;204;SALAMANCA;Plaza Colón, 4;Plaza;Colón;4;40.424.681.417.884.300;-36.899.877.647.205.600;10;CULTURA;3153256,93;201076,69;    ;    ;    ;    ;3354333,62;FINALIZADO;;;26/04/2023
706;MADRID DESTINO, CULT.,TURISMO Y NEGOCIO, S.A.;130;CULTURA, TURISMO Y DEPORTE;MD/2022/01;DAOIZ Y VELARDE. PUESTA EN USO;2022;2024;;203;RETIRO;C/ del Alberche, 14;Calle;Alberche;14;4.040.165.436.826.820;-3.677.299.971.197.780;10;CULTURA;    ;1025000;515000;    ;    ;    ;1540000;EN PROCESO;;;26/04/2023
706;MADRID DESTINO, CULT.,TURISMO Y NEGOCIO, S.A.;130;CULTURA, TURISMO Y DEPORTE;MD/2022/02;MATADERO. EVACUATORIOS, FACHADAS Y NAVE 11;2022;2024;;202;ARGANZUELA;Plaza de Legazpi, 8;Plaza;de Legazpi;8;4.039.176.961.433.730;-3.696.381.264.832.250;10;CULTURA;    ;1318653;15000;    ;    ;    ;1333653;EN PROCESO;;;26/04/2023
706;MADRID DESTINO, CULT.,TURISMO Y NEGOCIO, S.A.;130;CULTURA, TURISMO Y DEPORTE;MD/2022/03;PABELLÓN XII. REHABILITACIÓN EDIFICIOS;2022;2025;;209;MONCLOA-ARAVACA;Avenida Principal, 16 Y Avenida Portugal S/n;Avenida;Principal, 16 Y Avenida Portugal S/n;;404.144.660;-37.401.438;0;INVERSIONES DE CARÁCTER GENERAL;    ;100000;900000;100000;    ;    ;1100000;EN PROCESO;;;26/04/2023
706;MADRID DESTINO, CULT.,TURISMO Y NEGOCIO, S.A.;130;CULTURA, TURISMO Y DEPORTE;MD/2022/04;PABELLÓN DE CRISTAL. REHABILITACIÓN EDIFICIOS;2022;2025;;209;MONCLOA-ARAVACA;Avenida Principal, 16 Y Avenida Portugal S/n;Avenida;Principal, 16 Y Avenida Portugal S/n;;404.144.661;-37.401.438;0;INVERSIONES DE CARÁCTER GENERAL;    ;100000;400000;500000;    ;    ;1000000;EN PROCESO;;;26/04/2023
706;MADRID DESTINO, CULT.,TURISMO Y NEGOCIO, S.A.;130;CULTURA, TURISMO Y DEPORTE;MD/2022/003;OBRAS CAJA MÁGICA;2022;2025;;212;USERA;Cmo. de Perales, 23;Camino;Perales;23;40.368.955.801.027.300;-36.842.359.225.063.200;11;DEPORTES, JUVENTUD  Y ESPARCIMIENTO;    ;250000;802700;20001300;    ;    ;21054000;EN PROCESO;;;26/04/2023
708;EMPRESA MUNICIPAL DE SERVICIOS FUNERARIOS Y CEMENTERIOS, S.A.;120;PORTAVOZ, SEGURIDAD Y EMERGENCIAS;2020/EMSFMC/02;ACTUACIONES EN CEMENTERIO DE LA ALMUDENA;2020;2023;;215;CIUDAD LINEAL;Avenida De Daroca, 90 28017 Madrid;Avenida de;Daroca;90;404.254.386;-36.490.277;4;SALUD PÚBLICA;995356,13;4332546;0;0;0;0;5327902,13;EN PROCESO;;;26/04/2023
708;EMPRESA MUNICIPAL DE SERVICIOS FUNERARIOS Y CEMENTERIOS, S.A.;120;PORTAVOZ, SEGURIDAD Y EMERGENCIAS;2020/EMSFMC/05;RENOVACIÓN  TANATORIOS M30;2020;2023;;215;CIUDAD LINEAL;Calle Salvador De Madariaga,11 28027 Madrid;Calle;Salvador De Madariaga;11;404.401.633;-36.598.874;4;SALUD PÚBLICA;3440083;1336160;0;0;0;0;4776243;EN PROCESO;;;26/04/2023
708;EMPRESA MUNICIPAL DE SERVICIOS FUNERARIOS Y CEMENTERIOS, S.A.;120;PORTAVOZ, SEGURIDAD Y EMERGENCIAS;001/2023/1;REHABILITACIÓN CEMENTERIOS Muros Almudena;2022;2026;;215;CIUDAD LINEAL;Avenida De Daroca, 90 28017 Madrid;Avenida de;Daroca;90;40.425.493.779.123.700;-36.463.705.378.048.500;4;SALUD PÚBLICA;220608;3255000;50000;50000;50000;0;3625608;EN PROCESO;;;26/04/2023
708;EMPRESA MUNICIPAL DE SERVICIOS FUNERARIOS Y CEMENTERIOS, S.A.;120;PORTAVOZ, SEGURIDAD Y EMERGENCIAS;001/2023/2;REHABILITACIÓN CEMENTERIOS Carabanchel Sur;2023;2023;;211;CARABANCHEL;Calle Ildefonso González Valencia, 2, 28054 Madrid;Calle;Ildefonso González Valencia;2;40.367.938.131.982.500;-3.722.422.847.693.550;4;SALUD PÚBLICA;0;1850000;0;0;0;0;1850000;EN PROCESO;;;26/04/2023
708;EMPRESA MUNICIPAL DE SERVICIOS FUNERARIOS Y CEMENTERIOS, S.A.;120;PORTAVOZ, SEGURIDAD Y EMERGENCIAS;002/2023/1;UNIDADES DE ENTERRAMIENTO (Almudena);2022;2026;;215;CIUDAD LINEAL;Avenida De Daroca, 90 28017 Madrid;Avenida de;Daroca;90;4.042.560.403.792.110;-3.645.866.282.547.660;4;SALUD PÚBLICA;1057531,51;3156299,4;450000;450000;450000;0;5563830,91;EN PROCESO;;;26/04/2023
708;EMPRESA MUNICIPAL DE SERVICIOS FUNERARIOS Y CEMENTERIOS, S.A.;120;PORTAVOZ, SEGURIDAD Y EMERGENCIAS;002/2023/2;UNIDADES DE ENTERRAMIENTO (Carabanchel Sur);2022;2026;;211;CARABANCHEL;Calle Ildefonso González Valencia, 2, 28054 Madrid;Calle;Ildefonso González Valencia;2;4.036.802.649.157.320;-37.222.230.955.216.200;4;SALUD PÚBLICA;908296,94;450000;450000;450000;450000;0;2708296,94;EN PROCESO;;;26/04/2023
701;EMPRESA MUNICIPAL VIVIENDA Y SUELO, S.A.;161; VIVIENDA;31;VIVIENDA DE PROTECCIÓN PÚBLICA BÁSICA ALQUILER. PROMOCIÓN VICALVARO. M 41B;2019;2024;;219;VICÁLVARO;Contrucción Calle Cerro Del Tesoro, 31;Calle;Cerro del Tesoro;31;404.069.441;-35.531.687;15;VIVENDA;1057845,57;3531536,34;7373076,35;4909569,99;0;0;16872028,25;EN PROCESO;;;26/04/2023
701;EMPRESA MUNICIPAL VIVIENDA Y SUELO, S.A.;161; VIVIENDA;29;VIVIENDA DE PROTECCIÓN PÚBLICA BÁSICA ALQUILER. PROMOCIÓN VICALVARO. M 39A;2019;2024;;219;VICÁLVARO;Contrucción Calle Diálogo, 79;Calle;Calle Diálogo;79;404.067.067;-35.560.424;15;VIVENDA;1129420,08;3920151,63;7373126,23;4449444,45;0;0;16872142,39;EN PROCESO;;;26/04/2023
701;EMPRESA MUNICIPAL VIVIENDA Y SUELO, S.A.;161; VIVIENDA;30;VIVIENDA DE PROTECCIÓN PÚBLICA BÁSICA ALQUILER. PROMOCIÓN VICALVARO. M 39B;2019;2024;;219;VICÁLVARO;Contrucción Calle Diálogo, 63;Calle;Calle Diálogo;63;404.067.044;-3.556.465;15;VIVENDA;683354,38;1511858,58;8371178,5;7187963,73;0;0;17754355,19;EN PROCESO;;;26/04/2023
701;EMPRESA MUNICIPAL VIVIENDA Y SUELO, S.A.;161; VIVIENDA;38;VIVIENDA DE PROTECCIÓN PÚBLICA BÁSICA ALQUILER. PROMOCIÓN VICALVARO. T 10BC;2020;2025;;219;VICÁLVARO;Contrucción Calle Ilusión, 41;Calle;Ilusión;41;40.405.684;-35.572.887;15;VIVENDA;279971,87;155970,18;4096012,28;4915214,74;5189695,61;0;14636864,68;EN PROCESO;;;26/04/2023
701;EMPRESA MUNICIPAL VIVIENDA Y SUELO, S.A.;161; VIVIENDA;35;VIVIENDA DE PROTECCIÓN PÚBLICA BÁSICA ALQUILER. PROMOCIÓN VICALVARO. M 5C;2020;2025;;219;VICÁLVARO;Contrucción Calle Arroyo Cañaveral, 75;Calle;Arroyo Cañaveral;75;404.002.565;-35.605.078;15;VIVENDA;84627,4;357107,41;3766907,83;4808818,51;5106988,29;0;14124449,44;EN PROCESO;;;26/04/2023
701;EMPRESA MUNICIPAL VIVIENDA Y SUELO, S.A.;161; VIVIENDA;26;VIVIENDA DE PROTECCIÓN PÚBLICA BÁSICA ALQUILER. PROMOCIÓN VICALVARO M5A;2019;2024;;219;VICÁLVARO;Contrucción Cl Enrique Urquijo, 90;Calle;Enrique Urquijo;90;404.006.641;-35.614.487;15;VIVENDA;1327141,16;3640695,28;6578340,06;3121248,38;0;0;14667424,88;EN PROCESO;;;26/04/2023
701;EMPRESA MUNICIPAL VIVIENDA Y SUELO, S.A.;161; VIVIENDA;27;VIVIENDA DE PROTECCIÓN PÚBLICA BÁSICA ALQUILER. PROMOCIÓN8 VICALVARO M5B;2019;2024;;219;VICÁLVARO;Contrucción Cl Francisco Grande Covian, 170;Calle;Grande Covian;170;404.014.654;-35.614.492;15;VIVENDA;1479552,44;2765560,36;5727207,38;2797372,97;0;0;12769693,15;EN PROCESO;;;26/04/2023
701;EMPRESA MUNICIPAL VIVIENDA Y SUELO, S.A.;161; VIVIENDA;34;VIVIENDA DE PROTECCIÓN PÚBLICA BÁSICA ALQUILER. PROMOCIÓN VICALVARO. M 34B;2020;2025;;219;VICÁLVARO;Contrucción Avenida Miguel Delibes, 65;Avenida;Miguel Delibes;65;40.405.514;-35.615.997;15;VIVENDA;23768,33;476116,55;3787940,71;4734925,89;6977248,52;0;16000000;EN PROCESO;;;26/04/2023
701;EMPRESA MUNICIPAL VIVIENDA Y SUELO, S.A.;161; VIVIENDA;37;VIVIENDA DE PROTECCIÓN PÚBLICA BÁSICA ALQUILER. PROMOCIÓN VICALVARO. T 6B;2020;2025;;219;VICÁLVARO;Contrucción Calle Enrique Urquijo, 91;Calle;Enrique Urquijo;91;404.010.441;-35.618.687;15;VIVENDA;155839,79;107690,05;1898600,86;2476435,91;2731465,46;0;7370032,07;EN PROCESO;;;26/04/2023
701;EMPRESA MUNICIPAL VIVIENDA Y SUELO, S.A.;161; VIVIENDA;36;VIVIENDA DE PROTECCIÓN PÚBLICA BÁSICA ALQUILER. PROMOCIÓN VICALVARO. T 6A;2020;2025;;219;VICÁLVARO;Contrucción Calle Enrique Urquijo, 81;Calle;Enrique Urquijo;81;404.007.041;-35.621.687;15;VIVENDA;55819,72;212801;1898600,86;2476435,91;3556881,29;0;8200538,78;EN PROCESO;;;26/04/2023
701;EMPRESA MUNICIPAL VIVIENDA Y SUELO, S.A.;161; VIVIENDA;32;VIVIENDA DE PROTECCIÓN PÚBLICA BÁSICA ALQUILER. PROMOCIÓN VICALVARO. M 30A;2019;2024;;219;VICÁLVARO;Contrucción Avenida Miguel Delibes, 50;Avenida;Miguel Delibes;50;404.054.441;-35.638.987;15;VIVENDA;811926,93;2629724,68;6288702,91;3940738,76;0;0;13671093,28;EN PROCESO;;;26/04/2023
701;EMPRESA MUNICIPAL VIVIENDA Y SUELO, S.A.;161; VIVIENDA;33;VIVIENDA DE PROTECCIÓN PÚBLICA BÁSICA ALQUILER. PROMOCIÓN VICALVARO. M 30D;2019;2024;;219;VICÁLVARO;Contrucción Calle Jose Escobar Y Saliente, 80;Calle;Jose Escobar Y Saliente;80;404.048.787;-35.647.897;15;VIVENDA;589795,93;687385,58;6359823,52;5851485,99;0;0;13488491,02;EN PROCESO;;;26/04/2023
701;EMPRESA MUNICIPAL VIVIENDA Y SUELO, S.A.;161; VIVIENDA;25;VIVIENDA DE PROTECCIÓN PÚBLICA BÁSICA ALQUILER. PROMOCIÓN LA ROSILLA 3;2019;2024;;218;VILLA DE VALLECAS;Contrucción Calle Castejon De Henares;Calle;Castejon De Henares;;40.374.148.939.335.800;-363.320.586.229.997;15;VIVENDA;1304425,06;2142986,62;6373398,72;2494935,91;0;0;12315746,31;EN PROCESO;;;26/04/2023
701;EMPRESA MUNICIPAL VIVIENDA Y SUELO, S.A.;161; VIVIENDA;23;VIVIENDA DE PROTECCIÓN PÚBLICA BÁSICA ALQUILER. PROMOCIÓN LA ROSILLA 1;2019;2024;;218;VILLA DE VALLECAS;Contrucción Calle El Sitio De Baler Nº 1 A 11 Y Crta. Villaverde A Vallecas Nº 290;;;;40.374.018.500.360.700;-3.635.026.476.527.200;15;VIVENDA;1949656,42;3913612,04;7495572,06;1125357,19;0;0;14484197,71;EN PROCESO;;;26/04/2023
701;EMPRESA MUNICIPAL VIVIENDA Y SUELO, S.A.;161; VIVIENDA;24;VIVIENDA DE PROTECCIÓN PÚBLICA BÁSICA ALQUILER. PROMOCIÓN LA ROSILLA 2;2019;2024;;218;VILLA DE VALLECAS;Contrucción Calle De Nueva Creacion;;;;4.037.351.413.395.200;-3.635.163.450.630.150;15;VIVENDA;2214990,87;5798550,41;4545844,44;200000,39;0;0;12759386,11;EN PROCESO;;;26/04/2023
701;EMPRESA MUNICIPAL VIVIENDA Y SUELO, S.A.;161; VIVIENDA;20;VIVIENDA DE PROTECCIÓN PÚBLICA BÁSICA ALQUILER. PROMOCIÓN SAN FRANCISCO JAVIER VI;2017;2023;;213;PUENTE DE VALLECAS;Contrucción Calle Eduardo Rojo;Calle;Eduardo Rojo;;4.038.564.471.870.830;-36.636.112.588.068.200;15;VIVENDA;3604919,48;8577230,61;2941387,03;0;0;0;15123537,12;EN PROCESO;;;26/04/2023
701;EMPRESA MUNICIPAL VIVIENDA Y SUELO, S.A.;161; VIVIENDA;10;VIVIENDA DE PROTECCIÓN PÚBLICA BÁSICA ALQUILER. PROMOCIÓN NUESTRA SEÑORA  DE LOS ANGELES 3;2017;2024;;213;PUENTE DE VALLECAS;Contrucción Calle Martínez De La Riva, 100;Calle;Martínez de la Riva;100;40.386.498;-36.663.675;15;VIVENDA;1221091,79;1616216,04;5910713,56;2933230,71;0;0;11681252,1;EN PROCESO;;;26/04/2023
701;EMPRESA MUNICIPAL VIVIENDA Y SUELO, S.A.;161; VIVIENDA;22;VIVIENDA DE PROTECCIÓN PÚBLICA BÁSICA ALQUILER. PROMOCIÓN NUESTRA SEÑORA  DE LOS ANGELES 4;2019;2024;;213;PUENTE DE VALLECAS;Contrucción Calle Peña Amaya, 1;Calle;Peña Amaya;1;403.850.508;-36.668.926;15;VIVENDA;1246436,38;2557880,89;5095934,3;1170764,85;0;0;10071016,42;EN PROCESO;;;26/04/2023
701;EMPRESA MUNICIPAL VIVIENDA Y SUELO, S.A.;161; VIVIENDA;9;VIVIENDA DE PROTECCIÓN PÚBLICA BÁSICA ALQUILER. PROMOCIÓN NUESTRA SEÑORA  DE LOS ANGELES 2;2017;2023;;213;PUENTE DE VALLECAS;Contrucción Calle Puerto De La Bonaigua, 45;Calle;Puerto de la Bonaigua;45;403.864.054;-36.671.987;15;VIVENDA;6284135,14;5707091,88;241500;0;0;0;12232727,02;EN PROCESO;;;26/04/2023
701;EMPRESA MUNICIPAL VIVIENDA Y SUELO, S.A.;161; VIVIENDA;11;VIVIENDA DE PROTECCIÓN PÚBLICA BÁSICA ALQUILER. PROMOCIÓN NUESTRA SEÑORA  DE LOS ANGELES 14;2018;2024;;213;PUENTE DE VALLECAS;Contrucción Avenida San Diego, 89;Avenida;San Diego;89;403.851.781;-36.680.348;15;VIVENDA;3306899,36;4435799,32;10884239,32;5034451,83;0;0;23661389,83;EN PROCESO;;;26/04/2023
701;EMPRESA MUNICIPAL VIVIENDA Y SUELO, S.A.;161; VIVIENDA;28;VIVIENDA DE PROTECCIÓN PÚBLICA BÁSICA ALQUILER. PROMOCIÓN VILLAVERDE INGENIEROS;2019;2024;;217;VILLAVERDE;Contrucción Calle La Pícara Molinera, 62;Calle;La Pícara Molinera;62;403.545.193;-37.050.987;15;VIVENDA;1302316,18;3825613,35;8574833,26;4050515,19;0;0;17753277,98;EN PROCESO;;;26/04/2023
701;EMPRESA MUNICIPAL VIVIENDA Y SUELO, S.A.;161; VIVIENDA;40;VIVIENDA DE PROTECCIÓN PÚBLICA BÁSICA ALQUILER. PROMOCIÓN BLOQUES 300;2023;2026;;217;VILLAVERDE;Calle Rocafort 28-48;Calle;Rocafort 28-48;28-48;4.034.134.872.232.710;-3.686.282.049.493.830;15;VIVENDA;;850000;2000000;8000000;3150000;0;14000000;EN PROCESO;;;26/04/2023
701;EMPRESA MUNICIPAL VIVIENDA Y SUELO, S.A.;161; VIVIENDA;41;VIVIENDA DE PROTECCIÓN PÚBLICA BÁSICA ALQUILER. PROMOCIÓN LOS OLIVOS FASE 3;2021;2025;;210;LATINA;Calle San Fulgencio, 2;Calle;San Fulgencio, 2;2;4.040.536.131.163.480;-37.359.904.427.412.100;15;VIVENDA;711,48;95156,31;329141,81;987425,42;1249667,66;;2662102,68;EN PROCESO;;;26/04/2023
701;EMPRESA MUNICIPAL VIVIENDA Y SUELO, S.A.;161; VIVIENDA;42;VIVIENDA DE PROTECCIÓN PÚBLICA BÁSICA ALQUILER. PROMOCIÓN LOS OLIVOS FASE 4;2021;2025;;210;LATINA;CalleSan Timoteo, 27;Calle;San Timoteo, 27;27;4.040.499.514.578.100;-37.363.328.018.389.800;15;VIVENDA;711,48;184318,61;837938,62;2513815,88;3449638,26;;6986422,85;EN PROCESO;;;26/04/2023
701;EMPRESA MUNICIPAL VIVIENDA Y SUELO, S.A.;161; VIVIENDA;44;VIVIENDA DE PROTECCIÓN PÚBLICA BÁSICA ALQUILER. PROMOCIÓN ARROYO DEL FRESNO 3B;2021;2026;;208;FUENCARRAL-EL PARDO;Calle María de Maeztu, 24;Calle;María de Maeztu, 24;24;4.048.890.230.324.690;-37.305.976.576.717.400;15;VIVENDA;711,48;82487,5;412437,48;1500000;5177189,27;;7172825,73;EN PROCESO;;;26/04/2023
701;EMPRESA MUNICIPAL VIVIENDA Y SUELO, S.A.;161; VIVIENDA;45;VIVIENDA DE PROTECCIÓN PÚBLICA BÁSICA ALQUILER. PROMOCIÓN CARABANCHEL (4.7.2.) PMS 29676;2021;2026;;211;CARABANCHEL;Avda. del Euro 37;Avenida;Euro 37;37;403.643.405.170.415;-37.498.414.071.632.600;15;VIVENDA;711,48;58508,86;555626,77;1500000;2719636,09;;4834483,2;EN PROCESO;;;26/04/2023
701;EMPRESA MUNICIPAL VIVIENDA Y SUELO, S.A.;161; VIVIENDA;46;VIVIENDA DE PROTECCIÓN PÚBLICA BÁSICA ALQUILER. PROMOCIÓN Pº DIRECCIÓN (D-1) PMS 31339;2021;2026;;206;TETUÁN;C/ Capitán Blanco Argibay nº 149;Calle;Capitán Blanco Argibay nº 149;149;4.046.806.862.433.690;-3.707.386.228.863.460;15;VIVENDA;22933,45;217374,66;3260619,91;8500000;6901216,38;;18902144,4;EN PROCESO;;;26/04/2023
701;EMPRESA MUNICIPAL VIVIENDA Y SUELO, S.A.;161; VIVIENDA;47;VIVIENDA DE PROTECCIÓN PÚBLICA BÁSICA ALQUILER. PROMOCIÓN EL CAÑAVERAL 13 (M34 CD);2021;2026;;219;VICÁLVARO;Calle Tolerancia, 19;Calle;Tolerancia, 19;19;404.056.661.494.637;-35.571.036.000.275.900;15;VIVENDA;781657,7;3144064,9;9432194,71;13000000;5642082,69;;32000000;EN PROCESO;;;26/04/2023
701;EMPRESA MUNICIPAL VIVIENDA Y SUELO, S.A.;161; VIVIENDA;48;VIVIENDA DE PROTECCIÓN PÚBLICA BÁSICA ALQUILER. PROMOCIÓNEL ESPINILLO S6-P8;2021;2026;;217;VILLAVERDE;Calle de la Conciliación, 7;Calle;Conciliación, 7;7;40.360.707.491.974.800;-36.918.870.359.995.100;15;VIVENDA;866,02;155552,61;2333289,13;8500000;2536606,03;;13526313,79;EN PROCESO;;;26/04/2023
701;EMPRESA MUNICIPAL VIVIENDA Y SUELO, S.A.;161; VIVIENDA;49;VIVIENDA DE PROTECCIÓN PÚBLICA BÁSICA ALQUILER. PROMOCIÓN NTRA.SEÑORA DE LORETO PARCELA 3;2022;2026;;221;BARAJAS;Calle Venus, 5;Calle;Venus, 5;5;40.478.115.096.648.100;-35.782.742.015.807.500;15;VIVENDA;1452;94444,35;472221,73;5500000;2144433,72;;8212551,8;EN PROCESO;;;26/04/2023
701;EMPRESA MUNICIPAL VIVIENDA Y SUELO, S.A.;161; VIVIENDA;50;VIVIENDA DE PROTECCIÓN PÚBLICA BÁSICA ALQUILER. PROMOCIÓN NTRA. SEÑORA DE LORETO PARCELA 4;2022;2026;;221;BARAJAS;Calle Venus, 1;Calle;Venus, 1;1;4.047.844.969.402.510;-3.578.488.778.315.950;15;VIVENDA;618,18;114271,82;1142718,16;6000000;2679071,48;;9936679,64;EN PROCESO;;;26/04/2023
701;EMPRESA MUNICIPAL VIVIENDA Y SUELO, S.A.;161; VIVIENDA;51;VIVIENDA DE PROTECCIÓN PÚBLICA BÁSICA ALQUILER. PROMOCIÓN PASEO DE LA DIRECCIÓN D-2;2021;2026;;206;TETUÁN;Calle Alberdi, 4;Calle;Alberdi, 4;4;404.661.601.193.303;-3.707.966.235.988.720;15;VIVENDA;866,03;137569,1;2063536,4;7500000;2260558,32;;11962529,85;EN PROCESO;;;26/04/2023
701;EMPRESA MUNICIPAL VIVIENDA Y SUELO, S.A.;161; VIVIENDA;52;VIVIENDA DE PROTECCIÓN PÚBLICA BÁSICA ALQUILER. PROMOCIÓN VALLECAS 2,70;2021;2026;;218;VILLA DE VALLECAS;Avda. Ensanche de Vallecas, 33;Avenida;Ensanche de Vallecas, 33;33;40.363.734.242.880.500;-36.006.287.359.992.000;15;VIVENDA;189451,83;1797024,67;5391074,02;7500000;748750,98;;15626301,5;EN PROCESO;;;26/04/2023
701;EMPRESA MUNICIPAL VIVIENDA Y SUELO, S.A.;161; VIVIENDA;53;VIVIENDA DE PROTECCIÓN PÚBLICA BÁSICA ALQUILER. PROMOCIÓN VICÁLVARO LA CATALANA 1B Y 1 C;2021;2026;;219;VICÁLVARO;C/ del Abad Juan Catalán,62;Calle;Abad Juan Catalán,62;62;4.040.736.336.216.640;-35.918.692.783.231.000;15;VIVENDA;25493,3;139571,67;2093575,02;7500000;2378026,77;;12136666,76;EN PROCESO;;;26/04/2023
701;EMPRESA MUNICIPAL VIVIENDA Y SUELO, S.A.;161; VIVIENDA;41/2023;VIVIENDA DE PROTECCIÓN PÚBLICA BÁSICA ALQUILER 4.8.2 D DE LA UE1 DEL UZI 0.10 “ENSANCHE DE CARABA;2023;2026;;211;CARABANCHEL;C/Tremis, 2;Calle ;Tremis;2;4.036.447.501.574.450;-37.466.021.071.632.800;15;VIVENDA;;150000;2470077,04;3000000;555115,57;;6175192,61;EN PROCESO;;;26/04/2023
700;EMPRESA MUNICIPAL DE TRANSPORTES, S.A.;;;PROY/EMT/001;CONSTRUCCIONES  Plan de Negocio Madrid Nuevo Norte;2021;2026;;205;CHAMARTÍN;Plan de Negocio Madrid Nuevo Norte;;;;40.621;-36.766;6;URBANISMO;2748416,54;4742969;6640156,6;6640156,6;6640156,6;;27411855,34;EN PROCESO;;;26/04/2023
700;EMPRESA MUNICIPAL DE TRANSPORTES, S.A.;;;OTROS/EMT/002;CONSTRUCCIONES  Nuevo Centro de Operaciones en las Tablas;2022;2026;;208;FUENCARRAL-EL PARDO;;Construcción Nuevo Centro de Operaciones en las Tablas;;;405.051;-36.695;2;TRÁFICO, ESTACIONAMIENTO Y TRANSPORTE PÚBLICO;285000;0;44745217,06;53227823,59;53227823,59;;151485864,2;EN PROCESO;;;26/04/2023
700;EMPRESA MUNICIPAL DE TRANSPORTES, S.A.;;;OTROS/EMT/002;CONSTRUCCIONES  Construcción de Nuevo Centro de Operacions en la Elipa;2018;2026;;215;CIUDAD LINEAL;;Construcción Nuevo Centro de Operaciones en la Elipa;;;404.231;-36.524;2;TRÁFICO, ESTACIONAMIENTO Y TRANSPORTE PÚBLICO;549005;0;41055800;50111600;24111600;;115828005;EN PROCESO;;;26/04/2023
